device_name,mac,rssi,location,time_utc,proximity
Mivi DuoPods F70,AA:BB:CC:11:22:33,-58,ECE Lab,2025-10-26T10:42:00Z,Near
BT_Speaker_2,AA:BB:CC:44:55:66,-77,Corridor,2025-10-26T11:01:15Z,Medium
Preethi's Laptop,00:11:22:33:44:55,-40,Desk,2025-10-26T11:05:30Z,Very Near
Mivi DuoPods F70,AA:BB:CC:11:22:33,-65,Library,2025-10-27T20:12:05Z,Medium
BT_Speaker_2,AA:BB:CC:44:55:66,-85,Ground,2025-10-27T20:15:10Z,Far
Unknown,0D:99:DE:D0:1B:74,N/A,ECE_Lab_Test,2025-10-28T14:55:34.832851Z,Unknown
Unknown,34:D8:7F:44:04:20,N/A,ECE_Lab_Test,2025-10-28T14:55:34.835332Z,Unknown
Unknown,34:D8:7F:44:04:20,N/A,ECE_Lab_Test,2025-10-28T14:55:49.879003Z,Unknown
Unknown,34:D8:7F:44:04:20,N/A,ECE_Lab_Test,2025-10-28T14:56:04.929956Z,Unknown
Unknown,34:D8:7F:44:04:20,N/A,ECE_Lab_Test,2025-10-28T14:56:19.997855Z,Unknown
Unknown,34:D8:7F:44:04:20,N/A,ECE_Lab_Test,2025-10-28T14:56:35.048991Z,Unknown
Unknown,34:D8:7F:44:04:20,N/A,ECE_Lab_Test,2025-10-28T14:56:50.097768Z,Unknown
Unknown,09:E0:FC:31:AE:B6,N/A,ECE_Lab_Test,2025-10-28T14:56:50.098767Z,Unknown
Unknown,34:D8:7F:44:04:20,N/A,ECE_Lab_Test,2025-10-28T14:57:05.144529Z,Unknown
Unknown,09:E0:FC:31:AE:B6,N/A,ECE_Lab_Test,2025-10-28T14:57:05.144529Z,Unknown
Unknown,A6:3E:98:B7:27:54,N/A,ECE_Lab_Test,2025-10-28T14:57:05.145533Z,Unknown
Unknown,34:D8:7F:44:04:20,N/A,ECE_Lab_Test,2025-10-28T14:57:20.200115Z,Unknown
Unknown,09:E0:FC:31:AE:B6,N/A,ECE_Lab_Test,2025-10-28T14:57:20.201117Z,Unknown
Unknown,34:D8:7F:44:04:20,N/A,ECE_Lab_Test,2025-10-28T14:57:35.272068Z,Unknown
Unknown,34:D8:7F:44:04:20,N/A,ECE_Lab_Test,2025-10-28T14:57:50.336720Z,Unknown
Unknown,12:B5:68:17:FD:81,N/A,ECE_Lab_Test,2025-10-28T14:57:50.337870Z,Unknown
Unknown,34:D8:7F:44:04:20,N/A,ECE_Lab_Test,2025-10-28T14:58:05.378608Z,Unknown
Unknown,34:D8:7F:44:04:20,N/A,ECE_Lab_Test,2025-10-28T14:58:20.433267Z,Unknown
Unknown,34:D8:7F:44:04:20,N/A,ECE_Lab_Test,2025-10-28T14:58:35.491719Z,Unknown
Unknown,34:D8:7F:44:04:20,N/A,ECE_Lab_Test,2025-10-28T14:58:50.555497Z,Unknown
Unknown,1D:1C:70:19:82:B9,N/A,ECE_Lab_Test,2025-10-28T14:58:50.556495Z,Unknown
Unknown,34:D8:7F:44:04:20,N/A,ECE_Lab_Test,2025-10-28T14:59:05.615017Z,Unknown
Unknown,34:D8:7F:44:04:20,N/A,ECE_Lab_Test,2025-10-28T14:59:20.672450Z,Unknown
Unknown,34:D8:7F:44:04:20,N/A,ECE_Lab_Test,2025-10-28T14:59:35.714106Z,Unknown
Unknown,34:D8:7F:44:04:20,N/A,ECE_Lab_Test,2025-10-28T14:59:50.767763Z,Unknown
Unknown,34:D8:7F:44:04:20,N/A,ECE_Lab_Test,2025-10-28T15:00:05.816351Z,Unknown
Unknown,1B:F3:8A:AB:BB:C9,N/A,ECE_Lab_Test,2025-10-28T15:00:20.868453Z,Unknown
Unknown,1B:F3:8A:AB:BB:C9,N/A,ECE_Lab_Test,2025-10-28T15:00:35.908459Z,Unknown
Unknown,1B:F3:8A:AB:BB:C9,N/A,ECE_Lab_Test,2025-10-28T15:00:50.965799Z,Unknown
Unknown,1B:F3:8A:AB:BB:C9,N/A,ECE_Lab_Test,2025-10-28T15:01:06.024848Z,Unknown
Unknown,1B:F3:8A:AB:BB:C9,N/A,ECE_Lab_Test,2025-10-28T15:01:21.067748Z,Unknown
Unknown,1B:F3:8A:AB:BB:C9,N/A,ECE_Lab_Test,2025-10-28T15:01:36.117746Z,Unknown
Unknown,1B:F3:8A:AB:BB:C9,N/A,ECE_Lab_Test,2025-10-28T15:01:51.166663Z,Unknown
Unknown,34:D7:10:6E:C0:40,N/A,ECE_Lab_Test,2025-10-28T15:01:51.166663Z,Unknown
Unknown,1B:F3:8A:AB:BB:C9,N/A,ECE_Lab_Test,2025-10-28T15:02:06.235941Z,Unknown
Unknown,1B:F3:8A:AB:BB:C9,N/A,ECE_Lab_Test,2025-10-28T15:02:21.297139Z,Unknown
Unknown,1B:F3:8A:AB:BB:C9,N/A,ECE_Lab_Test,2025-10-28T15:02:36.342595Z,Unknown
Unknown,1B:F3:8A:AB:BB:C9,N/A,ECE_Lab_Test,2025-10-28T15:02:51.399576Z,Unknown
Unknown,1B:F3:8A:AB:BB:C9,N/A,ECE_Lab_Test,2025-10-28T15:03:06.445960Z,Unknown
Unknown,1B:F3:8A:AB:BB:C9,N/A,ECE_Lab_Test,2025-10-28T15:03:21.495452Z,Unknown
Unknown,1B:F3:8A:AB:BB:C9,N/A,ECE_Lab_Test,2025-10-28T15:03:36.559192Z,Unknown
Unknown,1B:F3:8A:AB:BB:C9,N/A,ECE_Lab_Test,2025-10-28T15:03:51.616357Z,Unknown
Unknown,1B:F3:8A:AB:BB:C9,N/A,ECE_Lab_Test,2025-10-28T15:04:06.667592Z,Unknown
Unknown,1B:F3:8A:AB:BB:C9,N/A,ECE_Lab_Test,2025-10-28T15:04:21.728742Z,Unknown
Unknown,1B:F3:8A:AB:BB:C9,N/A,ECE_Lab_Test,2025-10-28T15:04:36.791016Z,Unknown
Unknown,1B:F3:8A:AB:BB:C9,N/A,ECE_Lab_Test,2025-10-28T15:04:51.843555Z,Unknown
Unknown,1B:F3:8A:AB:BB:C9,N/A,ECE_Lab_Test,2025-10-28T15:05:06.901334Z,Unknown
Unknown,1B:F3:8A:AB:BB:C9,N/A,ECE_Lab_Test,2025-10-28T15:05:21.944031Z,Unknown
Unknown,1B:F3:8A:AB:BB:C9,N/A,ECE_Lab_Test,2025-10-28T15:05:36.998623Z,Unknown
Unknown,1B:F3:8A:AB:BB:C9,N/A,ECE_Lab_Test,2025-10-28T15:05:52.054199Z,Unknown
Unknown,1B:F3:8A:AB:BB:C9,N/A,ECE_Lab_Test,2025-10-28T15:06:07.105433Z,Unknown
Unknown,1B:F3:8A:AB:BB:C9,N/A,ECE_Lab_Test,2025-10-28T15:06:22.157739Z,Unknown
Unknown,1B:F3:8A:AB:BB:C9,N/A,ECE_Lab_Test,2025-10-28T15:06:37.211968Z,Unknown
Unknown,1B:F3:8A:AB:BB:C9,N/A,ECE_Lab_Test,2025-10-28T15:06:52.256180Z,Unknown
Unknown,1B:F3:8A:AB:BB:C9,N/A,ECE_Lab_Test,2025-10-28T15:07:07.298300Z,Unknown
BeatXP Vega Neo,A6:3E:98:B7:27:54,N/A,ECE_Lab_Test,2025-10-28T15:07:07.299304Z,Unknown
Unknown,1B:F3:8A:AB:BB:C9,N/A,ECE_Lab_Test,2025-10-28T15:07:22.358190Z,Unknown
Unknown,1B:F3:8A:AB:BB:C9,N/A,ECE_Lab_Test,2025-10-28T15:07:37.413062Z,Unknown
Unknown,1B:F3:8A:AB:BB:C9,N/A,ECE_Lab_Test,2025-10-28T15:07:52.464044Z,Unknown
Unknown,1B:F3:8A:AB:BB:C9,N/A,ECE_Lab_Test,2025-10-28T15:08:07.519600Z,Unknown
Unknown,1B:F3:8A:AB:BB:C9,N/A,ECE_Lab_Test,2025-10-28T15:08:22.575563Z,Unknown
Unknown,1B:F3:8A:AB:BB:C9,N/A,ECE_Lab_Test,2025-10-28T15:08:37.624948Z,Unknown
Unknown,1B:F3:8A:AB:BB:C9,N/A,ECE_Lab_Test,2025-10-28T15:08:52.658217Z,Unknown
Unknown,A6:3E:98:B7:27:54,N/A,ECE_Lab_Test,2025-10-28T15:08:52.659401Z,Unknown
Unknown,1B:F3:8A:AB:BB:C9,N/A,ECE_Lab_Test,2025-10-28T15:09:07.710329Z,Unknown
Unknown,1B:F3:8A:AB:BB:C9,N/A,ECE_Lab_Test,2025-10-28T15:09:22.766670Z,Unknown
Unknown,1B:F3:8A:AB:BB:C9,N/A,ECE_Lab_Test,2025-10-28T15:09:37.807044Z,Unknown
Unknown,1B:F3:8A:AB:BB:C9,N/A,ECE_Lab_Test,2025-10-28T15:09:52.901813Z,Unknown
Unknown,1B:F3:8A:AB:BB:C9,N/A,ECE_Lab_Test,2025-10-28T15:10:07.956972Z,Unknown
Unknown,1B:F3:8A:AB:BB:C9,N/A,ECE_Lab_Test,2025-10-28T15:10:23.014775Z,Unknown
Unknown,1B:F3:8A:AB:BB:C9,N/A,ECE_Lab_Test,2025-10-28T15:10:38.081867Z,Unknown
Unknown,1B:F3:8A:AB:BB:C9,N/A,ECE_Lab_Test,2025-10-28T15:10:53.135968Z,Unknown
Unknown,1B:F3:8A:AB:BB:C9,N/A,ECE_Lab_Test,2025-10-28T15:11:08.195000Z,Unknown
Unknown,1B:F3:8A:AB:BB:C9,N/A,ECE_Lab_Test,2025-10-28T15:11:23.250420Z,Unknown
Unknown,1B:F3:8A:AB:BB:C9,N/A,ECE_Lab_Test,2025-10-28T15:11:38.293293Z,Unknown
Unknown,1B:F3:8A:AB:BB:C9,N/A,ECE_Lab_Test,2025-10-28T15:11:53.347446Z,Unknown
BeatXP Vega Neo,A6:3E:98:B7:27:54,N/A,ECE_Lab_Test,2025-10-28T15:11:53.349268Z,Unknown
Unknown,1B:F3:8A:AB:BB:C9,N/A,ECE_Lab_Test,2025-10-28T15:12:08.394685Z,Unknown
Unknown,36:69:3E:D9:99:E5,N/A,ECE_Lab_Test,2025-10-28T15:12:08.395191Z,Unknown
Unknown,1B:F3:8A:AB:BB:C9,N/A,ECE_Lab_Test,2025-10-28T15:12:23.442527Z,Unknown
BeatXP Vega Neo,A6:3E:98:B7:27:54,N/A,ECE_Lab_Test,2025-10-28T15:12:23.442527Z,Unknown
Unknown,1B:F3:8A:AB:BB:C9,N/A,ECE_Lab_Test,2025-10-28T15:12:38.498877Z,Unknown
Unknown,1B:F3:8A:AB:BB:C9,N/A,ECE_Lab_Test,2025-10-28T15:12:53.553132Z,Unknown
Unknown,1B:F3:8A:AB:BB:C9,N/A,ECE_Lab_Test,2025-10-28T15:13:08.588875Z,Unknown
Unknown,1B:F3:8A:AB:BB:C9,N/A,ECE_Lab_Test,2025-10-28T15:13:23.628472Z,Unknown
Unknown,47:84:45:4D:4B:E1,N/A,ECE_Lab_Test,2025-10-28T15:13:23.628472Z,Unknown
Unknown,1B:F3:8A:AB:BB:C9,N/A,ECE_Lab_Test,2025-10-28T15:13:38.677099Z,Unknown
Unknown,1B:F3:8A:AB:BB:C9,N/A,ECE_Lab_Test,2025-10-28T15:13:53.727886Z,Unknown
Unknown,1B:F3:8A:AB:BB:C9,N/A,ECE_Lab_Test,2025-10-28T15:14:08.771188Z,Unknown
Unknown,1B:F3:8A:AB:BB:C9,N/A,ECE_Lab_Test,2025-10-28T15:14:23.818501Z,Unknown
Unknown,1B:F3:8A:AB:BB:C9,N/A,ECE_Lab_Test,2025-10-28T15:14:38.873044Z,Unknown
Unknown,1B:F3:8A:AB:BB:C9,N/A,ECE_Lab_Test,2025-10-28T15:14:53.914500Z,Unknown
Unknown,1B:F3:8A:AB:BB:C9,N/A,ECE_Lab_Test,2025-10-28T15:15:08.962546Z,Unknown
Unknown,09:EB:B3:67:E7:A0,N/A,ECE_Lab_Test,2025-10-28T15:15:24.001463Z,Unknown
Unknown,09:EB:B3:67:E7:A0,N/A,ECE_Lab_Test,2025-10-28T15:15:39.053661Z,Unknown
Unknown,09:EB:B3:67:E7:A0,N/A,ECE_Lab_Test,2025-10-28T15:15:54.111442Z,Unknown
Unknown,09:EB:B3:67:E7:A0,N/A,ECE_Lab_Test,2025-10-28T15:16:09.161935Z,Unknown
Unknown,09:EB:B3:67:E7:A0,N/A,ECE_Lab_Test,2025-10-28T15:16:24.221905Z,Unknown
Unknown,09:EB:B3:67:E7:A0,N/A,ECE_Lab_Test,2025-10-28T15:16:39.265118Z,Unknown
Unknown,09:EB:B3:67:E7:A0,N/A,ECE_Lab_Test,2025-10-28T15:16:54.318412Z,Unknown
Unknown,09:EB:B3:67:E7:A0,N/A,ECE_Lab_Test,2025-10-28T15:17:09.363990Z,Unknown
Unknown,09:EB:B3:67:E7:A0,N/A,ECE_Lab_Test,2025-10-28T15:17:24.416037Z,Unknown
Unknown,09:EB:B3:67:E7:A0,N/A,ECE_Lab_Test,2025-10-28T15:17:39.458301Z,Unknown
Unknown,09:EB:B3:67:E7:A0,N/A,ECE_Lab_Test,2025-10-28T15:17:54.510268Z,Unknown
Unknown,09:EB:B3:67:E7:A0,N/A,ECE_Lab_Test,2025-10-28T15:18:09.553163Z,Unknown
Unknown,09:EB:B3:67:E7:A0,N/A,ECE_Lab_Test,2025-10-28T15:18:24.598867Z,Unknown
Unknown,09:EB:B3:67:E7:A0,N/A,ECE_Lab_Test,2025-10-28T15:18:39.656114Z,Unknown
Unknown,09:EB:B3:67:E7:A0,N/A,ECE_Lab_Test,2025-10-28T15:18:54.713350Z,Unknown
Unknown,09:EB:B3:67:E7:A0,N/A,ECE_Lab_Test,2025-10-28T15:19:09.751532Z,Unknown
Unknown,09:EB:B3:67:E7:A0,N/A,ECE_Lab_Test,2025-10-28T15:19:24.807755Z,Unknown
Unknown,09:EB:B3:67:E7:A0,N/A,ECE_Lab_Test,2025-10-28T15:19:39.878154Z,Unknown
Unknown,09:EB:B3:67:E7:A0,N/A,ECE_Lab_Test,2025-10-28T15:19:54.935256Z,Unknown
Unknown,09:EB:B3:67:E7:A0,N/A,ECE_Lab_Test,2025-10-28T15:20:09.978346Z,Unknown
Unknown,09:EB:B3:67:E7:A0,N/A,ECE_Lab_Test,2025-10-28T15:20:25.013816Z,Unknown
Unknown,09:EB:B3:67:E7:A0,N/A,ECE_Lab_Test,2025-10-28T15:20:40.064576Z,Unknown
Unknown,09:EB:B3:67:E7:A0,N/A,ECE_Lab_Test,2025-10-28T15:20:55.114776Z,Unknown
Unknown,09:EB:B3:67:E7:A0,N/A,ECE_Lab_Test,2025-10-28T15:21:10.148930Z,Unknown
Unknown,09:EB:B3:67:E7:A0,N/A,ECE_Lab_Test,2025-10-28T15:21:25.188368Z,Unknown
Unknown,09:EB:B3:67:E7:A0,N/A,ECE_Lab_Test,2025-10-28T15:21:40.218343Z,Unknown
Unknown,09:EB:B3:67:E7:A0,N/A,ECE_Lab_Test,2025-10-28T15:21:55.258648Z,Unknown
Unknown,09:EB:B3:67:E7:A0,N/A,ECE_Lab_Test,2025-10-28T15:22:10.317859Z,Unknown
Unknown,09:EB:B3:67:E7:A0,N/A,ECE_Lab_Test,2025-10-28T15:22:25.364793Z,Unknown
Unknown,09:EB:B3:67:E7:A0,N/A,ECE_Lab_Test,2025-10-28T15:22:40.416918Z,Unknown
Unknown,09:EB:B3:67:E7:A0,N/A,ECE_Lab_Test,2025-10-28T15:22:55.464461Z,Unknown
Unknown,1B:96:DA:25:40:64,N/A,ECE_Lab_Test,2025-10-28T15:36:27.773321Z,Unknown
Unknown,1B:96:DA:25:40:64,N/A,ECE_Lab_Test,2025-10-28T15:36:42.823684Z,Unknown
Unknown,1B:96:DA:25:40:64,N/A,ECE_Lab_Test,2025-10-28T15:36:57.880705Z,Unknown
Unknown,1B:96:DA:25:40:64,N/A,ECE_Lab_Test,2025-10-28T15:37:12.941705Z,Unknown
Unknown,1B:96:DA:25:40:64,N/A,ECE_Lab_Test,2025-10-28T15:37:28.017814Z,Unknown
Unknown,1B:96:DA:25:40:64,N/A,ECE_Lab_Test,2025-10-28T15:37:43.074574Z,Unknown
Unknown,1B:96:DA:25:40:64,N/A,ECE_Lab_Test,2025-10-28T15:37:58.145413Z,Unknown
Unknown,A6:3E:98:B7:27:54,N/A,ECE_Lab_Test,2025-10-28T15:37:58.147410Z,Unknown
Unknown,3D:F3:2F:9E:7D:D9,N/A,ECE_Lab_Test,2025-10-28T15:37:58.148860Z,Unknown
Unknown,1B:96:DA:25:40:64,N/A,ECE_Lab_Test,2025-10-28T15:38:13.192380Z,Unknown
Unknown,3D:F3:2F:9E:7D:D9,N/A,ECE_Lab_Test,2025-10-28T15:38:13.194380Z,Unknown
Unknown,1B:96:DA:25:40:64,N/A,ECE_Lab_Test,2025-10-28T15:38:28.253285Z,Unknown
Unknown,09:B1:0C:32:65:5B,N/A,ECE_Lab_Test,2025-10-28T15:43:50.505723Z,Unknown
Unknown,02:AF:EB:0E:E4:E1,N/A,ECE_Lab_Test,2025-10-28T16:40:16.211245Z,Unknown
Unknown,02:AF:EB:0E:E4:E1,N/A,ECE_Lab_Test,2025-10-28T16:40:31.252753Z,Unknown
Unknown,02:AF:EB:0E:E4:E1,N/A,ECE_Lab_Test,2025-10-28T16:40:46.365642Z,Unknown
Unknown,02:AF:EB:0E:E4:E1,N/A,ECE_Lab_Test,2025-10-28T16:41:01.429984Z,Unknown
Unknown,02:AF:EB:0E:E4:E1,N/A,ECE_Lab_Test,2025-10-28T16:41:16.475453Z,Unknown
Unknown,02:AF:EB:0E:E4:E1,N/A,ECE_Lab_Test,2025-10-28T16:41:31.531933Z,Unknown
Unknown,02:AF:EB:0E:E4:E1,N/A,ECE_Lab_Test,2025-10-28T16:41:46.585567Z,Unknown
Unknown,02:AF:EB:0E:E4:E1,N/A,ECE_Lab_Test,2025-10-28T16:42:01.637026Z,Unknown
Unknown,02:AF:EB:0E:E4:E1,N/A,ECE_Lab_Test,2025-10-28T16:42:16.681173Z,Unknown
Unknown,02:AF:EB:0E:E4:E1,N/A,ECE_Lab_Test,2025-10-28T16:42:31.727168Z,Unknown
Unknown,02:AF:EB:0E:E4:E1,N/A,ECE_Lab_Test,2025-10-28T16:42:46.776136Z,Unknown
BeatXP Vega Neo,A6:3E:98:B7:27:54,N/A,ECE_Lab_Test,2025-10-28T16:42:46.779140Z,Unknown
Unknown,02:AF:EB:0E:E4:E1,N/A,ECE_Lab_Test,2025-10-28T16:43:01.818087Z,Unknown
Unknown,02:AF:EB:0E:E4:E1,N/A,ECE_Lab_Test,2025-10-28T16:43:16.877656Z,Unknown
BeatXP Vega Neo,A6:3E:98:B7:27:54,N/A,ECE_Lab_Test,2025-10-28T16:43:16.878635Z,Unknown
Unknown,2A:BA:11:DC:32:19,N/A,ECE_Lab_Test,2025-10-28T16:43:16.878635Z,Unknown
Unknown,02:AF:EB:0E:E4:E1,N/A,ECE_Lab_Test,2025-10-28T16:43:31.928978Z,Unknown
Unknown,02:AF:EB:0E:E4:E1,N/A,ECE_Lab_Test,2025-10-28T16:43:46.980620Z,Unknown
Unknown,02:AF:EB:0E:E4:E1,N/A,ECE_Lab_Test,2025-10-28T16:44:02.016931Z,Unknown
Unknown,02:AF:EB:0E:E4:E1,N/A,ECE_Lab_Test,2025-10-28T16:44:17.067220Z,Unknown
Unknown,02:AF:EB:0E:E4:E1,N/A,ECE_Lab_Test,2025-10-28T16:44:32.121440Z,Unknown
Unknown,02:AF:EB:0E:E4:E1,N/A,ECE_Lab_Test,2025-10-28T16:44:47.170047Z,Unknown
Unknown,02:AF:EB:0E:E4:E1,N/A,ECE_Lab_Test,2025-10-28T16:45:02.220911Z,Unknown
Unknown,02:AF:EB:0E:E4:E1,N/A,ECE_Lab_Test,2025-10-28T16:45:17.274618Z,Unknown
Unknown,02:AF:EB:0E:E4:E1,N/A,ECE_Lab_Test,2025-10-28T16:45:32.398173Z,Unknown
Unknown,02:AF:EB:0E:E4:E1,N/A,ECE_Lab_Test,2025-10-28T16:45:47.456340Z,Unknown
Unknown,02:AF:EB:0E:E4:E1,N/A,ECE_Lab_Test,2025-10-28T16:46:02.519957Z,Unknown
Unknown,02:AF:EB:0E:E4:E1,N/A,ECE_Lab_Test,2025-10-28T16:46:17.566373Z,Unknown
Unknown,02:AF:EB:0E:E4:E1,N/A,ECE_Lab_Test,2025-10-28T16:46:32.612638Z,Unknown
Unknown,02:AF:EB:0E:E4:E1,N/A,ECE_Lab_Test,2025-10-28T16:46:47.669889Z,Unknown
Unknown,02:AF:EB:0E:E4:E1,N/A,ECE_Lab_Test,2025-10-28T16:47:02.717865Z,Unknown
Unknown,37:CC:83:59:99:EA,N/A,ECE_Lab_Test,2025-10-28T16:47:02.718867Z,Unknown
Unknown,37:CC:83:59:99:EA,N/A,ECE_Lab_Test,2025-10-28T16:47:17.779739Z,Unknown
Unknown,37:CC:83:59:99:EA,N/A,ECE_Lab_Test,2025-10-28T16:47:32.829240Z,Unknown
BeatXP Vega Neo,A6:3E:98:B7:27:54,N/A,ECE_Lab_Test,2025-10-28T16:47:32.830238Z,Unknown
Unknown,37:CC:83:59:99:EA,N/A,ECE_Lab_Test,2025-10-28T16:47:47.881358Z,Unknown
Unknown,37:CC:83:59:99:EA,N/A,ECE_Lab_Test,2025-10-28T16:48:02.942720Z,Unknown
Unknown,37:CC:83:59:99:EA,N/A,ECE_Lab_Test,2025-10-28T16:48:17.993183Z,Unknown
BeatXP Vega Neo,A6:3E:98:B7:27:54,N/A,ECE_Lab_Test,2025-10-28T16:48:17.993759Z,Unknown
Unknown,37:CC:83:59:99:EA,N/A,ECE_Lab_Test,2025-10-28T16:48:33.035645Z,Unknown
Unknown,37:CC:83:59:99:EA,N/A,ECE_Lab_Test,2025-10-28T16:48:48.099385Z,Unknown
Unknown,37:CC:83:59:99:EA,N/A,ECE_Lab_Test,2025-10-28T16:49:03.150589Z,Unknown
Unknown,37:CC:83:59:99:EA,N/A,ECE_Lab_Test,2025-10-28T16:49:18.194291Z,Unknown
Unknown,37:CC:83:59:99:EA,N/A,ECE_Lab_Test,2025-10-28T16:49:33.257213Z,Unknown
Unknown,37:CC:83:59:99:EA,N/A,ECE_Lab_Test,2025-10-28T16:49:48.321772Z,Unknown
Unknown,37:CC:83:59:99:EA,N/A,ECE_Lab_Test,2025-10-28T16:50:03.365649Z,Unknown
Unknown,37:CC:83:59:99:EA,N/A,ECE_Lab_Test,2025-10-28T16:50:18.423163Z,Unknown
Unknown,37:CC:83:59:99:EA,N/A,ECE_Lab_Test,2025-10-28T16:50:33.452809Z,Unknown
Unknown,37:CC:83:59:99:EA,N/A,ECE_Lab_Test,2025-10-28T16:50:48.499398Z,Unknown
Unknown,37:CC:83:59:99:EA,N/A,ECE_Lab_Test,2025-10-28T16:51:03.544148Z,Unknown
Unknown,37:CC:83:59:99:EA,N/A,ECE_Lab_Test,2025-10-28T16:51:18.589364Z,Unknown
BeatXP Vega Neo,A6:3E:98:B7:27:54,N/A,ECE_Lab_Test,2025-10-28T16:51:18.589364Z,Unknown
Unknown,37:CC:83:59:99:EA,N/A,ECE_Lab_Test,2025-10-28T16:51:33.647987Z,Unknown
Unknown,37:CC:83:59:99:EA,N/A,ECE_Lab_Test,2025-10-28T16:51:48.694532Z,Unknown
Unknown,37:CC:83:59:99:EA,N/A,ECE_Lab_Test,2025-10-28T16:52:03.757055Z,Unknown
BeatXP Vega Neo,A6:3E:98:B7:27:54,N/A,ECE_Lab_Test,2025-10-28T16:52:03.758055Z,Unknown
Unknown,37:CC:83:59:99:EA,N/A,ECE_Lab_Test,2025-10-28T16:52:18.813560Z,Unknown
Unknown,37:CC:83:59:99:EA,N/A,ECE_Lab_Test,2025-10-28T16:52:33.869299Z,Unknown
Unknown,A6:3E:98:B7:27:54,N/A,ECE_Lab_Test,2025-10-28T16:52:33.870296Z,Unknown
Unknown,37:CC:83:59:99:EA,N/A,ECE_Lab_Test,2025-10-28T16:52:48.936649Z,Unknown
Unknown,37:CC:83:59:99:EA,N/A,ECE_Lab_Test,2025-10-28T16:53:04.002854Z,Unknown
Unknown,37:CC:83:59:99:EA,N/A,ECE_Lab_Test,2025-10-28T16:53:19.067911Z,Unknown
Unknown,37:CC:83:59:99:EA,N/A,ECE_Lab_Test,2025-10-28T16:53:34.113032Z,Unknown
Unknown,37:CC:83:59:99:EA,N/A,ECE_Lab_Test,2025-10-28T16:53:49.187128Z,Unknown
Unknown,37:CC:83:59:99:EA,N/A,ECE_Lab_Test,2025-10-28T16:54:04.245513Z,Unknown
Unknown,37:CC:83:59:99:EA,N/A,ECE_Lab_Test,2025-10-28T16:54:19.286459Z,Unknown
Unknown,37:CC:83:59:99:EA,N/A,ECE_Lab_Test,2025-10-28T16:54:34.322486Z,Unknown
Unknown,37:CC:83:59:99:EA,N/A,ECE_Lab_Test,2025-10-28T16:54:49.359963Z,Unknown
Unknown,37:CC:83:59:99:EA,N/A,ECE_Lab_Test,2025-10-28T16:55:04.407781Z,Unknown
Unknown,37:CC:83:59:99:EA,N/A,ECE_Lab_Test,2025-10-28T16:55:19.473366Z,Unknown
Unknown,37:CC:83:59:99:EA,N/A,ECE_Lab_Test,2025-10-28T16:55:34.523466Z,Unknown
Unknown,37:CC:83:59:99:EA,N/A,ECE_Lab_Test,2025-10-28T16:55:49.572468Z,Unknown
Unknown,37:CC:83:59:99:EA,N/A,ECE_Lab_Test,2025-10-28T16:56:04.627321Z,Unknown
BeatXP Vega Neo,A6:3E:98:B7:27:54,N/A,ECE_Lab_Test,2025-10-28T16:56:04.628326Z,Unknown
Unknown,37:CC:83:59:99:EA,N/A,ECE_Lab_Test,2025-10-28T16:56:19.693398Z,Unknown
BeatXP Vega Neo,A6:3E:98:B7:27:54,N/A,ECE_Lab_Test,2025-10-28T16:56:19.694398Z,Unknown
Unknown,37:CC:83:59:99:EA,N/A,ECE_Lab_Test,2025-10-28T16:56:34.733204Z,Unknown
Unknown,37:CC:83:59:99:EA,N/A,ECE_Lab_Test,2025-10-28T16:56:49.790861Z,Unknown
Unknown,37:CC:83:59:99:EA,N/A,ECE_Lab_Test,2025-10-28T16:57:04.846781Z,Unknown
Unknown,37:CC:83:59:99:EA,N/A,ECE_Lab_Test,2025-10-28T16:57:19.899725Z,Unknown
Unknown,37:CC:83:59:99:EA,N/A,ECE_Lab_Test,2025-10-28T16:57:34.954340Z,Unknown
Unknown,37:CC:83:59:99:EA,N/A,ECE_Lab_Test,2025-10-28T16:57:50.022025Z,Unknown
Unknown,37:CC:83:59:99:EA,N/A,ECE_Lab_Test,2025-10-28T16:58:05.065589Z,Unknown
Unknown,37:CC:83:59:99:EA,N/A,ECE_Lab_Test,2025-10-28T16:58:20.114113Z,Unknown
Unknown,37:CC:83:59:99:EA,N/A,ECE_Lab_Test,2025-10-28T16:58:35.166829Z,Unknown
Unknown,37:CC:83:59:99:EA,N/A,ECE_Lab_Test,2025-10-28T16:58:50.212008Z,Unknown
Unknown,37:CC:83:59:99:EA,N/A,ECE_Lab_Test,2025-10-28T16:59:05.256661Z,Unknown
Unknown,37:CC:83:59:99:EA,N/A,ECE_Lab_Test,2025-10-28T16:59:20.438634Z,Unknown
Unknown,37:CC:83:59:99:EA,N/A,ECE_Lab_Test,2025-10-28T16:59:36.009449Z,Unknown
Unknown,37:CC:83:59:99:EA,N/A,ECE_Lab_Test,2025-10-28T16:59:51.088726Z,Unknown
Unknown,37:CC:83:59:99:EA,N/A,ECE_Lab_Test,2025-10-28T17:00:06.137985Z,Unknown
BeatXP Vega Neo,A6:3E:98:B7:27:54,N/A,ECE_Lab_Test,2025-10-28T17:00:06.242452Z,Unknown
Unknown,37:CC:83:59:99:EA,N/A,ECE_Lab_Test,2025-10-28T17:00:21.343206Z,Unknown
Unknown,37:CC:83:59:99:EA,N/A,ECE_Lab_Test,2025-10-28T17:00:36.409913Z,Unknown
Unknown,37:CC:83:59:99:EA,N/A,ECE_Lab_Test,2025-10-28T17:00:51.471998Z,Unknown
Unknown,37:CC:83:59:99:EA,N/A,ECE_Lab_Test,2025-10-28T17:01:06.530095Z,Unknown
Unknown,37:CC:83:59:99:EA,N/A,ECE_Lab_Test,2025-10-28T17:01:21.600669Z,Unknown
Unknown,37:CC:83:59:99:EA,N/A,ECE_Lab_Test,2025-10-28T17:01:36.645670Z,Unknown
Unknown,37:CC:83:59:99:EA,N/A,ECE_Lab_Test,2025-10-28T17:01:51.701612Z,Unknown
Unknown,37:CA:25:63:50:7C,N/A,ECE_Lab_Test,2025-10-28T17:02:06.757787Z,Unknown
Unknown,37:CA:25:63:50:7C,N/A,ECE_Lab_Test,2025-10-28T17:02:21.815483Z,Unknown
Unknown,37:CA:25:63:50:7C,N/A,ECE_Lab_Test,2025-10-28T17:02:36.857213Z,Unknown
Unknown,37:CA:25:63:50:7C,N/A,ECE_Lab_Test,2025-10-28T17:02:51.905456Z,Unknown
Unknown,37:CA:25:63:50:7C,N/A,ECE_Lab_Test,2025-10-28T17:03:06.967974Z,Unknown
Unknown,37:CA:25:63:50:7C,N/A,ECE_Lab_Test,2025-10-28T17:03:22.007065Z,Unknown
Unknown,37:CA:25:63:50:7C,N/A,ECE_Lab_Test,2025-10-28T17:03:37.058437Z,Unknown
Unknown,37:CA:25:63:50:7C,N/A,ECE_Lab_Test,2025-10-28T17:03:52.122811Z,Unknown
Unknown,37:CA:25:63:50:7C,N/A,ECE_Lab_Test,2025-10-28T17:04:07.177630Z,Unknown
Unknown,37:CA:25:63:50:7C,N/A,ECE_Lab_Test,2025-10-28T17:04:22.220330Z,Unknown
Unknown,37:CA:25:63:50:7C,N/A,ECE_Lab_Test,2025-10-28T17:04:37.284229Z,Unknown
Unknown,37:CA:25:63:50:7C,N/A,ECE_Lab_Test,2025-10-28T17:04:52.341766Z,Unknown
Unknown,37:CA:25:63:50:7C,N/A,ECE_Lab_Test,2025-10-28T17:05:07.389913Z,Unknown
Unknown,37:CA:25:63:50:7C,N/A,ECE_Lab_Test,2025-10-28T17:05:22.440406Z,Unknown
Unknown,37:CA:25:63:50:7C,N/A,ECE_Lab_Test,2025-10-28T17:05:37.474840Z,Unknown
Unknown,37:CA:25:63:50:7C,N/A,ECE_Lab_Test,2025-10-28T17:05:52.523351Z,Unknown
Unknown,37:CA:25:63:50:7C,N/A,ECE_Lab_Test,2025-10-28T17:06:07.588432Z,Unknown
Unknown,37:CA:25:63:50:7C,N/A,ECE_Lab_Test,2025-10-28T17:06:22.634602Z,Unknown
Unknown,37:CA:25:63:50:7C,N/A,ECE_Lab_Test,2025-10-28T17:06:37.681612Z,Unknown
BeatXP Vega Neo,A6:3E:98:B7:27:54,N/A,ECE_Lab_Test,2025-10-28T17:06:37.683225Z,Unknown
Unknown,37:CA:25:63:50:7C,N/A,ECE_Lab_Test,2025-10-28T17:06:52.751476Z,Unknown
Unknown,37:CA:25:63:50:7C,N/A,ECE_Lab_Test,2025-10-28T17:07:07.800744Z,Unknown
Unknown,37:CA:25:63:50:7C,N/A,ECE_Lab_Test,2025-10-28T17:07:22.847416Z,Unknown
Unknown,37:CA:25:63:50:7C,N/A,ECE_Lab_Test,2025-10-28T17:07:37.904596Z,Unknown
Unknown,37:CA:25:63:50:7C,N/A,ECE_Lab_Test,2025-10-28T17:07:52.965099Z,Unknown
Unknown,37:CA:25:63:50:7C,N/A,ECE_Lab_Test,2025-10-28T17:08:08.029069Z,Unknown
Unknown,37:CA:25:63:50:7C,N/A,ECE_Lab_Test,2025-10-28T17:08:23.087385Z,Unknown
Unknown,37:CA:25:63:50:7C,N/A,ECE_Lab_Test,2025-10-28T17:08:38.147143Z,Unknown
Unknown,37:CA:25:63:50:7C,N/A,ECE_Lab_Test,2025-10-28T17:08:53.199787Z,Unknown
Unknown,37:CA:25:63:50:7C,N/A,ECE_Lab_Test,2025-10-28T17:09:08.242832Z,Unknown
Unknown,37:CA:25:63:50:7C,N/A,ECE_Lab_Test,2025-10-28T17:09:23.281252Z,Unknown
Unknown,37:CA:25:63:50:7C,N/A,ECE_Lab_Test,2025-10-28T17:09:38.308454Z,Unknown
Unknown,37:CA:25:63:50:7C,N/A,ECE_Lab_Test,2025-10-28T17:09:53.380950Z,Unknown
Unknown,37:CA:25:63:50:7C,N/A,ECE_Lab_Test,2025-10-28T17:10:08.426263Z,Unknown
BeatXP Vega Neo,A6:3E:98:B7:27:54,N/A,ECE_Lab_Test,2025-10-28T17:10:23.481249Z,Unknown
Unknown,37:CA:25:63:50:7C,N/A,ECE_Lab_Test,2025-10-28T17:10:23.482757Z,Unknown
Unknown,37:CA:25:63:50:7C,N/A,ECE_Lab_Test,2025-10-28T17:10:38.533576Z,Unknown
Unknown,37:CA:25:63:50:7C,N/A,ECE_Lab_Test,2025-10-28T17:10:53.588082Z,Unknown
Unknown,37:CA:25:63:50:7C,N/A,ECE_Lab_Test,2025-10-28T17:11:08.629315Z,Unknown
Unknown,37:CA:25:63:50:7C,N/A,ECE_Lab_Test,2025-10-28T17:11:23.638584Z,Unknown
Unknown,37:CA:25:63:50:7C,N/A,ECE_Lab_Test,2025-10-28T17:11:38.672607Z,Unknown
Unknown,37:CA:25:63:50:7C,N/A,ECE_Lab_Test,2025-10-28T17:11:53.706025Z,Unknown
Unknown,37:CA:25:63:50:7C,N/A,ECE_Lab_Test,2025-10-28T17:12:08.749117Z,Unknown
Unknown,37:CA:25:63:50:7C,N/A,ECE_Lab_Test,2025-10-28T17:12:23.799770Z,Unknown
Unknown,37:CA:25:63:50:7C,N/A,ECE_Lab_Test,2025-10-28T17:12:38.912369Z,Unknown
Unknown,A6:3E:98:B7:27:54,N/A,ECE_Lab_Test,2025-10-28T17:12:38.913447Z,Unknown
Unknown,37:CA:25:63:50:7C,N/A,ECE_Lab_Test,2025-10-28T17:12:53.969637Z,Unknown
Unknown,37:CA:25:63:50:7C,N/A,ECE_Lab_Test,2025-10-28T17:13:09.006464Z,Unknown
Unknown,37:CA:25:63:50:7C,N/A,ECE_Lab_Test,2025-10-28T17:13:24.051394Z,Unknown
Unknown,37:CA:25:63:50:7C,N/A,ECE_Lab_Test,2025-10-28T17:13:39.098691Z,Unknown
Unknown,37:CA:25:63:50:7C,N/A,ECE_Lab_Test,2025-10-28T17:13:54.132247Z,Unknown
Unknown,37:CA:25:63:50:7C,N/A,ECE_Lab_Test,2025-10-28T17:14:09.170656Z,Unknown
Unknown,37:CA:25:63:50:7C,N/A,ECE_Lab_Test,2025-10-28T17:14:24.222963Z,Unknown
BeatXP Vega Neo,A6:3E:98:B7:27:54,N/A,ECE_Lab_Test,2025-10-28T17:14:24.224377Z,Unknown
Unknown,37:CA:25:63:50:7C,N/A,ECE_Lab_Test,2025-10-28T17:14:39.279650Z,Unknown
Unknown,37:CA:25:63:50:7C,N/A,ECE_Lab_Test,2025-10-28T17:14:54.331699Z,Unknown
Unknown,37:CA:25:63:50:7C,N/A,ECE_Lab_Test,2025-10-28T17:15:09.382539Z,Unknown
Unknown,37:CA:25:63:50:7C,N/A,ECE_Lab_Test,2025-10-28T17:15:24.433846Z,Unknown
Unknown,37:CA:25:63:50:7C,N/A,ECE_Lab_Test,2025-10-28T17:15:39.471345Z,Unknown
Unknown,37:CA:25:63:50:7C,N/A,ECE_Lab_Test,2025-10-28T17:15:54.516603Z,Unknown
Unknown,37:CA:25:63:50:7C,N/A,ECE_Lab_Test,2025-10-28T17:16:09.549257Z,Unknown
Unknown,37:CA:25:63:50:7C,N/A,ECE_Lab_Test,2025-10-28T17:16:24.582366Z,Unknown
Unknown,37:CA:25:63:50:7C,N/A,ECE_Lab_Test,2025-10-28T17:16:39.634416Z,Unknown
Unknown,37:CA:25:63:50:7C,N/A,ECE_Lab_Test,2025-10-28T17:16:54.684239Z,Unknown
Unknown,2B:CC:EA:62:28:EE,N/A,ECE_Lab_Test,2025-10-28T17:17:09.737570Z,Unknown
Unknown,2B:CC:EA:62:28:EE,N/A,ECE_Lab_Test,2025-10-28T17:17:24.774366Z,Unknown
Unknown,2B:CC:EA:62:28:EE,N/A,ECE_Lab_Test,2025-10-28T17:17:39.822273Z,Unknown
Unknown,2B:CC:EA:62:28:EE,N/A,ECE_Lab_Test,2025-10-28T17:17:54.867680Z,Unknown
Unknown,2B:CC:EA:62:28:EE,N/A,ECE_Lab_Test,2025-10-28T17:18:10.006543Z,Unknown
Unknown,2B:CC:EA:62:28:EE,N/A,ECE_Lab_Test,2025-10-28T17:18:25.053727Z,Unknown
Unknown,2B:CC:EA:62:28:EE,N/A,ECE_Lab_Test,2025-10-28T17:18:40.112374Z,Unknown
Unknown,2B:CC:EA:62:28:EE,N/A,ECE_Lab_Test,2025-10-28T17:18:55.160806Z,Unknown
Unknown,2B:CC:EA:62:28:EE,N/A,ECE_Lab_Test,2025-10-28T17:19:10.217739Z,Unknown
BeatXP Vega Neo,A6:3E:98:B7:27:54,N/A,ECE_Lab_Test,2025-10-28T17:19:10.218742Z,Unknown
Unknown,2B:CC:EA:62:28:EE,N/A,ECE_Lab_Test,2025-10-28T17:19:25.254210Z,Unknown
Unknown,2B:CC:EA:62:28:EE,N/A,ECE_Lab_Test,2025-10-28T17:19:40.302308Z,Unknown
Unknown,2B:CC:EA:62:28:EE,N/A,ECE_Lab_Test,2025-10-28T17:19:55.355742Z,Unknown
Unknown,2B:CC:EA:62:28:EE,N/A,ECE_Lab_Test,2025-10-28T17:20:10.418041Z,Unknown
Unknown,2B:CC:EA:62:28:EE,N/A,ECE_Lab_Test,2025-10-28T17:20:25.467065Z,Unknown
Unknown,2B:CC:EA:62:28:EE,N/A,ECE_Lab_Test,2025-10-28T17:20:40.528330Z,Unknown
Unknown,2B:CC:EA:62:28:EE,N/A,ECE_Lab_Test,2025-10-28T17:20:55.566530Z,Unknown
Unknown,2B:CC:EA:62:28:EE,N/A,ECE_Lab_Test,2025-10-28T17:21:10.603083Z,Unknown
Unknown,2B:CC:EA:62:28:EE,N/A,ECE_Lab_Test,2025-10-28T17:21:25.662887Z,Unknown
Unknown,2B:CC:EA:62:28:EE,N/A,ECE_Lab_Test,2025-10-28T17:21:40.713168Z,Unknown
Unknown,2B:CC:EA:62:28:EE,N/A,ECE_Lab_Test,2025-10-28T17:21:55.756612Z,Unknown
Unknown,2B:CC:EA:62:28:EE,N/A,ECE_Lab_Test,2025-10-28T17:22:10.811150Z,Unknown
Unknown,2B:CC:EA:62:28:EE,N/A,ECE_Lab_Test,2025-10-28T17:22:25.859150Z,Unknown
Unknown,2B:CC:EA:62:28:EE,N/A,ECE_Lab_Test,2025-10-28T17:22:40.898968Z,Unknown
Unknown,2B:CC:EA:62:28:EE,N/A,ECE_Lab_Test,2025-10-28T17:22:55.954925Z,Unknown
Unknown,2B:CC:EA:62:28:EE,N/A,ECE_Lab_Test,2025-10-28T17:23:10.992613Z,Unknown
Unknown,2B:CC:EA:62:28:EE,N/A,ECE_Lab_Test,2025-10-28T17:23:26.054145Z,Unknown
Unknown,2B:CC:EA:62:28:EE,N/A,ECE_Lab_Test,2025-10-28T17:23:41.096950Z,Unknown
Unknown,2B:CC:EA:62:28:EE,N/A,ECE_Lab_Test,2025-10-28T17:23:56.156559Z,Unknown
Unknown,2B:CC:EA:62:28:EE,N/A,ECE_Lab_Test,2025-10-28T17:24:11.204462Z,Unknown
Unknown,2B:CC:EA:62:28:EE,N/A,ECE_Lab_Test,2025-10-28T17:24:26.256788Z,Unknown
Unknown,2B:CC:EA:62:28:EE,N/A,ECE_Lab_Test,2025-10-28T17:24:41.306764Z,Unknown
Unknown,2B:CC:EA:62:28:EE,N/A,ECE_Lab_Test,2025-10-28T17:24:56.351202Z,Unknown
Unknown,2B:CC:EA:62:28:EE,N/A,ECE_Lab_Test,2025-10-28T17:25:11.398525Z,Unknown
Unknown,2B:CC:EA:62:28:EE,N/A,ECE_Lab_Test,2025-10-28T17:25:26.440800Z,Unknown
Unknown,2B:CC:EA:62:28:EE,N/A,ECE_Lab_Test,2025-10-28T17:25:41.488682Z,Unknown
Unknown,2B:CC:EA:62:28:EE,N/A,ECE_Lab_Test,2025-10-28T17:25:56.544851Z,Unknown
Unknown,2B:CC:EA:62:28:EE,N/A,ECE_Lab_Test,2025-10-28T17:26:11.597323Z,Unknown
Unknown,2B:CC:EA:62:28:EE,N/A,ECE_Lab_Test,2025-10-28T17:26:26.639278Z,Unknown
Unknown,2B:CC:EA:62:28:EE,N/A,ECE_Lab_Test,2025-10-28T17:26:41.693337Z,Unknown
Unknown,A6:3E:98:B7:27:54,N/A,ECE_Lab_Test,2025-10-28T17:26:41.695871Z,Unknown
Unknown,2B:CC:EA:62:28:EE,N/A,ECE_Lab_Test,2025-10-28T17:26:56.733138Z,Unknown
Unknown,2B:CC:EA:62:28:EE,N/A,ECE_Lab_Test,2025-10-28T17:27:11.774616Z,Unknown
Unknown,2B:CC:EA:62:28:EE,N/A,ECE_Lab_Test,2025-10-28T17:27:26.826564Z,Unknown
Unknown,2B:CC:EA:62:28:EE,N/A,ECE_Lab_Test,2025-10-28T17:27:41.862685Z,Unknown
Unknown,2B:CC:EA:62:28:EE,N/A,ECE_Lab_Test,2025-10-28T17:27:56.913972Z,Unknown
Unknown,2B:CC:EA:62:28:EE,N/A,ECE_Lab_Test,2025-10-28T17:28:11.959037Z,Unknown
Unknown,2B:CC:EA:62:28:EE,N/A,ECE_Lab_Test,2025-10-28T17:28:26.986914Z,Unknown
BeatXP Vega Neo,A6:3E:98:B7:27:54,N/A,ECE_Lab_Test,2025-10-28T17:28:26.986914Z,Unknown
BeatXP Vega Neo,A6:3E:98:B7:27:54,N/A,ECE_Lab_Test,2025-10-28T17:28:42.045442Z,Unknown
Unknown,2B:CC:EA:62:28:EE,N/A,ECE_Lab_Test,2025-10-28T17:28:42.046454Z,Unknown
Unknown,2B:CC:EA:62:28:EE,N/A,ECE_Lab_Test,2025-10-28T17:28:57.106348Z,Unknown
Unknown,2B:CC:EA:62:28:EE,N/A,ECE_Lab_Test,2025-10-28T17:29:12.150273Z,Unknown
Unknown,2B:CC:EA:62:28:EE,N/A,ECE_Lab_Test,2025-10-28T17:29:27.201298Z,Unknown
Unknown,2B:CC:EA:62:28:EE,N/A,ECE_Lab_Test,2025-10-28T17:29:42.285974Z,Unknown
Unknown,A6:3E:98:B7:27:54,N/A,ECE_Lab_Test,2025-10-28T17:29:42.286980Z,Unknown
Unknown,2B:CC:EA:62:28:EE,N/A,ECE_Lab_Test,2025-10-28T17:29:57.328887Z,Unknown
BeatXP Vega Neo,A6:3E:98:B7:27:54,N/A,ECE_Lab_Test,2025-10-28T17:29:57.330068Z,Unknown
BeatXP Vega Neo,A6:3E:98:B7:27:54,N/A,ECE_Lab_Test,2025-10-28T17:30:12.360778Z,Unknown
Unknown,2B:CC:EA:62:28:EE,N/A,ECE_Lab_Test,2025-10-28T17:30:12.361285Z,Unknown
Unknown,2B:CC:EA:62:28:EE,N/A,ECE_Lab_Test,2025-10-28T17:30:27.422665Z,Unknown
BeatXP Vega Neo,A6:3E:98:B7:27:54,N/A,ECE_Lab_Test,2025-10-28T17:30:27.423687Z,Unknown
Unknown,2B:CC:EA:62:28:EE,N/A,ECE_Lab_Test,2025-10-28T17:30:42.483197Z,Unknown
Unknown,2B:CC:EA:62:28:EE,N/A,ECE_Lab_Test,2025-10-28T17:30:57.533238Z,Unknown
Unknown,2B:CC:EA:62:28:EE,N/A,ECE_Lab_Test,2025-10-28T17:31:12.595761Z,Unknown
Unknown,2B:CC:EA:62:28:EE,N/A,ECE_Lab_Test,2025-10-28T17:31:27.629166Z,Unknown
Unknown,2B:CC:EA:62:28:EE,N/A,ECE_Lab_Test,2025-10-28T17:31:42.681229Z,Unknown
Unknown,2B:CC:EA:62:28:EE,N/A,ECE_Lab_Test,2025-10-28T17:31:57.753412Z,Unknown
Unknown,30:B6:1F:FD:63:BF,N/A,ECE_Lab_Test,2025-10-28T17:32:12.820213Z,Unknown
Unknown,30:B6:1F:FD:63:BF,N/A,ECE_Lab_Test,2025-10-28T17:32:27.849987Z,Unknown
Unknown,30:B6:1F:FD:63:BF,N/A,ECE_Lab_Test,2025-10-28T17:32:42.896011Z,Unknown
Unknown,30:B6:1F:FD:63:BF,N/A,ECE_Lab_Test,2025-10-28T17:32:57.944960Z,Unknown
Unknown,A6:3E:98:B7:27:54,N/A,ECE_Lab_Test,2025-10-28T17:32:57.947012Z,Unknown
Unknown,30:B6:1F:FD:63:BF,N/A,ECE_Lab_Test,2025-10-28T17:33:13.006734Z,Unknown
Unknown,30:B6:1F:FD:63:BF,N/A,ECE_Lab_Test,2025-10-28T17:33:28.055609Z,Unknown
Unknown,30:B6:1F:FD:63:BF,N/A,ECE_Lab_Test,2025-10-28T17:33:43.092098Z,Unknown
Unknown,30:B6:1F:FD:63:BF,N/A,ECE_Lab_Test,2025-10-28T17:33:58.149172Z,Unknown
Unknown,30:B6:1F:FD:63:BF,N/A,ECE_Lab_Test,2025-10-28T17:34:13.196342Z,Unknown
Unknown,30:B6:1F:FD:63:BF,N/A,ECE_Lab_Test,2025-10-28T17:34:28.260749Z,Unknown
Unknown,30:B6:1F:FD:63:BF,N/A,ECE_Lab_Test,2025-10-28T17:34:43.304047Z,Unknown
Unknown,A6:3E:98:B7:27:54,N/A,ECE_Lab_Test,2025-10-28T17:34:43.305046Z,Unknown
Unknown,30:B6:1F:FD:63:BF,N/A,ECE_Lab_Test,2025-10-28T17:34:58.370358Z,Unknown
Unknown,30:B6:1F:FD:63:BF,N/A,ECE_Lab_Test,2025-10-28T17:35:13.412286Z,Unknown
Unknown,30:B6:1F:FD:63:BF,N/A,ECE_Lab_Test,2025-10-28T17:35:28.457297Z,Unknown
Unknown,30:B6:1F:FD:63:BF,N/A,ECE_Lab_Test,2025-10-28T17:35:43.502628Z,Unknown
Unknown,30:B6:1F:FD:63:BF,N/A,ECE_Lab_Test,2025-10-28T17:35:58.574965Z,Unknown
Unknown,30:B6:1F:FD:63:BF,N/A,ECE_Lab_Test,2025-10-28T17:36:13.640042Z,Unknown
Unknown,30:B6:1F:FD:63:BF,N/A,ECE_Lab_Test,2025-10-28T17:36:28.698435Z,Unknown
Unknown,30:B6:1F:FD:63:BF,N/A,ECE_Lab_Test,2025-10-28T17:36:43.745920Z,Unknown
Unknown,30:B6:1F:FD:63:BF,N/A,ECE_Lab_Test,2025-10-28T17:36:58.798826Z,Unknown
BeatXP Vega Neo,A6:3E:98:B7:27:54,N/A,ECE_Lab_Test,2025-10-28T17:36:58.799895Z,Unknown
Unknown,30:B6:1F:FD:63:BF,N/A,ECE_Lab_Test,2025-10-28T17:37:13.851143Z,Unknown
Unknown,30:B6:1F:FD:63:BF,N/A,ECE_Lab_Test,2025-10-28T17:37:28.910959Z,Unknown
Unknown,30:B6:1F:FD:63:BF,N/A,ECE_Lab_Test,2025-10-28T17:37:43.968300Z,Unknown
Unknown,A6:3E:98:B7:27:54,N/A,ECE_Lab_Test,2025-10-28T17:37:43.969300Z,Unknown
Unknown,30:B6:1F:FD:63:BF,N/A,ECE_Lab_Test,2025-10-28T17:37:59.010818Z,Unknown
Unknown,30:B6:1F:FD:63:BF,N/A,ECE_Lab_Test,2025-10-28T17:38:14.055919Z,Unknown
Unknown,30:B6:1F:FD:63:BF,N/A,ECE_Lab_Test,2025-10-28T17:38:29.109573Z,Unknown
Unknown,30:B6:1F:FD:63:BF,N/A,ECE_Lab_Test,2025-10-28T17:38:44.163929Z,Unknown
Unknown,30:B6:1F:FD:63:BF,N/A,ECE_Lab_Test,2025-10-28T17:38:59.206406Z,Unknown
Unknown,30:B6:1F:FD:63:BF,N/A,ECE_Lab_Test,2025-10-28T17:39:14.256339Z,Unknown
Unknown,30:B6:1F:FD:63:BF,N/A,ECE_Lab_Test,2025-10-28T17:39:29.300439Z,Unknown
Unknown,30:B6:1F:FD:63:BF,N/A,ECE_Lab_Test,2025-10-28T17:39:44.341173Z,Unknown
Unknown,30:B6:1F:FD:63:BF,N/A,ECE_Lab_Test,2025-10-28T17:39:59.390278Z,Unknown
Unknown,30:B6:1F:FD:63:BF,N/A,ECE_Lab_Test,2025-10-28T17:40:14.445673Z,Unknown
Unknown,30:B6:1F:FD:63:BF,N/A,ECE_Lab_Test,2025-10-28T17:40:29.499994Z,Unknown
Unknown,A6:3E:98:B7:27:54,N/A,ECE_Lab_Test,2025-10-28T17:40:29.501077Z,Unknown
Unknown,30:B6:1F:FD:63:BF,N/A,ECE_Lab_Test,2025-10-28T17:40:44.563074Z,Unknown
Unknown,30:B6:1F:FD:63:BF,N/A,ECE_Lab_Test,2025-10-28T17:40:59.596856Z,Unknown
Unknown,A6:3E:98:B7:27:54,N/A,ECE_Lab_Test,2025-10-28T17:40:59.599861Z,Unknown
Unknown,30:B6:1F:FD:63:BF,N/A,ECE_Lab_Test,2025-10-28T17:41:14.649972Z,Unknown
Unknown,30:B6:1F:FD:63:BF,N/A,ECE_Lab_Test,2025-10-28T17:41:29.696004Z,Unknown
Unknown,30:B6:1F:FD:63:BF,N/A,ECE_Lab_Test,2025-10-28T17:41:44.732691Z,Unknown
Unknown,30:B6:1F:FD:63:BF,N/A,ECE_Lab_Test,2025-10-28T17:41:59.774648Z,Unknown
Unknown,30:B6:1F:FD:63:BF,N/A,ECE_Lab_Test,2025-10-28T17:42:14.821100Z,Unknown
Unknown,30:B6:1F:FD:63:BF,N/A,ECE_Lab_Test,2025-10-28T17:42:29.880597Z,Unknown
Unknown,30:B6:1F:FD:63:BF,N/A,ECE_Lab_Test,2025-10-28T17:42:44.923031Z,Unknown
Unknown,30:B6:1F:FD:63:BF,N/A,ECE_Lab_Test,2025-10-28T17:42:59.983452Z,Unknown
Unknown,30:B6:1F:FD:63:BF,N/A,ECE_Lab_Test,2025-10-28T17:43:15.027593Z,Unknown
Unknown,30:B6:1F:FD:63:BF,N/A,ECE_Lab_Test,2025-10-28T17:43:30.079112Z,Unknown
Unknown,30:B6:1F:FD:63:BF,N/A,ECE_Lab_Test,2025-10-28T17:43:45.125376Z,Unknown
Unknown,30:B6:1F:FD:63:BF,N/A,ECE_Lab_Test,2025-10-28T17:44:00.167115Z,Unknown
Unknown,A6:3E:98:B7:27:54,N/A,ECE_Lab_Test,2025-10-28T17:44:00.168529Z,Unknown
Unknown,30:B6:1F:FD:63:BF,N/A,ECE_Lab_Test,2025-10-28T17:44:15.228458Z,Unknown
BeatXP Vega Neo,A6:3E:98:B7:27:54,N/A,ECE_Lab_Test,2025-10-28T17:44:15.231470Z,Unknown
Unknown,30:B6:1F:FD:63:BF,N/A,ECE_Lab_Test,2025-10-28T17:44:30.273615Z,Unknown
BeatXP Vega Neo,A6:3E:98:B7:27:54,N/A,ECE_Lab_Test,2025-10-28T17:44:30.274121Z,Unknown
Unknown,30:B6:1F:FD:63:BF,N/A,ECE_Lab_Test,2025-10-28T17:44:45.323081Z,Unknown
Unknown,A6:3E:98:B7:27:54,N/A,ECE_Lab_Test,2025-10-28T17:44:45.324586Z,Unknown
BeatXP Vega Neo,A6:3E:98:B7:27:54,N/A,ECE_Lab_Test,2025-10-28T17:45:00.380347Z,Unknown
Unknown,30:B6:1F:FD:63:BF,N/A,ECE_Lab_Test,2025-10-28T17:45:00.381350Z,Unknown
Unknown,30:B6:1F:FD:63:BF,N/A,ECE_Lab_Test,2025-10-28T17:45:15.436644Z,Unknown
Unknown,30:B6:1F:FD:63:BF,N/A,ECE_Lab_Test,2025-10-28T17:45:30.488648Z,Unknown
Unknown,30:B6:1F:FD:63:BF,N/A,ECE_Lab_Test,2025-10-28T17:45:45.546626Z,Unknown
Unknown,30:B6:1F:FD:63:BF,N/A,ECE_Lab_Test,2025-10-28T17:46:00.601979Z,Unknown
Unknown,30:B6:1F:FD:63:BF,N/A,ECE_Lab_Test,2025-10-28T17:46:15.643435Z,Unknown
Unknown,30:B6:1F:FD:63:BF,N/A,ECE_Lab_Test,2025-10-28T17:46:30.707499Z,Unknown
Unknown,30:B6:1F:FD:63:BF,N/A,ECE_Lab_Test,2025-10-28T17:46:45.746738Z,Unknown
Unknown,30:B6:1F:FD:63:BF,N/A,ECE_Lab_Test,2025-10-28T17:47:00.806409Z,Unknown
Unknown,0D:40:42:A8:2A:5D,N/A,ECE_Lab_Test,2025-10-28T17:47:00.806409Z,Unknown
Unknown,0D:40:42:A8:2A:5D,N/A,ECE_Lab_Test,2025-10-28T17:47:15.849846Z,Unknown
Unknown,0D:40:42:A8:2A:5D,N/A,ECE_Lab_Test,2025-10-28T17:47:30.897783Z,Unknown
BeatXP Vega Neo,A6:3E:98:B7:27:54,N/A,ECE_Lab_Test,2025-10-28T17:47:30.898781Z,Unknown
Unknown,0D:40:42:A8:2A:5D,N/A,ECE_Lab_Test,2025-10-28T17:47:45.959683Z,Unknown
Unknown,0D:40:42:A8:2A:5D,N/A,ECE_Lab_Test,2025-10-28T17:48:00.998578Z,Unknown
BeatXP Vega Neo,A6:3E:98:B7:27:54,N/A,ECE_Lab_Test,2025-10-28T17:48:00.999577Z,Unknown
Unknown,0D:40:42:A8:2A:5D,N/A,ECE_Lab_Test,2025-10-28T17:48:16.420489Z,Unknown
BeatXP Vega Neo,A6:3E:98:B7:27:54,N/A,ECE_Lab_Test,2025-10-28T17:48:16.420489Z,Unknown
Unknown,0D:40:42:A8:2A:5D,N/A,ECE_Lab_Test,2025-10-28T17:48:31.472390Z,Unknown
BeatXP Vega Neo,A6:3E:98:B7:27:54,N/A,ECE_Lab_Test,2025-10-28T17:48:31.496535Z,Unknown
Unknown,0D:40:42:A8:2A:5D,N/A,ECE_Lab_Test,2025-10-28T17:48:46.532930Z,Unknown
BeatXP Vega Neo,A6:3E:98:B7:27:54,N/A,ECE_Lab_Test,2025-10-28T17:48:46.533969Z,Unknown
Unknown,0D:40:42:A8:2A:5D,N/A,ECE_Lab_Test,2025-10-28T17:49:01.586326Z,Unknown
BeatXP Vega Neo,A6:3E:98:B7:27:54,N/A,ECE_Lab_Test,2025-10-28T17:49:01.589500Z,Unknown
Unknown,0D:40:42:A8:2A:5D,N/A,ECE_Lab_Test,2025-10-28T17:49:16.639271Z,Unknown
BeatXP Vega Neo,A6:3E:98:B7:27:54,N/A,ECE_Lab_Test,2025-10-28T17:49:16.640323Z,Unknown
Unknown,0D:40:42:A8:2A:5D,N/A,ECE_Lab_Test,2025-10-28T17:49:31.775735Z,Unknown
Unknown,0D:40:42:A8:2A:5D,N/A,ECE_Lab_Test,2025-10-28T17:49:46.807095Z,Unknown
Unknown,0D:40:42:A8:2A:5D,N/A,ECE_Lab_Test,2025-10-28T17:50:01.855101Z,Unknown
Unknown,0D:40:42:A8:2A:5D,N/A,ECE_Lab_Test,2025-10-28T17:50:16.908799Z,Unknown
Unknown,0D:40:42:A8:2A:5D,N/A,ECE_Lab_Test,2025-10-28T17:50:31.935007Z,Unknown
Unknown,0D:40:42:A8:2A:5D,N/A,ECE_Lab_Test,2025-10-28T17:50:46.972961Z,Unknown
Unknown,0D:40:42:A8:2A:5D,N/A,ECE_Lab_Test,2025-10-28T17:51:02.020256Z,Unknown
Unknown,0D:40:42:A8:2A:5D,N/A,ECE_Lab_Test,2025-10-28T17:51:17.069111Z,Unknown
Unknown,0D:40:42:A8:2A:5D,N/A,ECE_Lab_Test,2025-10-28T17:51:32.114945Z,Unknown
Unknown,0D:40:42:A8:2A:5D,N/A,ECE_Lab_Test,2025-10-28T17:51:47.167006Z,Unknown
Unknown,0D:40:42:A8:2A:5D,N/A,ECE_Lab_Test,2025-10-28T17:52:02.208233Z,Unknown
Unknown,0D:40:42:A8:2A:5D,N/A,ECE_Lab_Test,2025-10-28T17:52:17.272224Z,Unknown
Unknown,0D:40:42:A8:2A:5D,N/A,ECE_Lab_Test,2025-10-28T17:52:32.326917Z,Unknown
Unknown,0D:40:42:A8:2A:5D,N/A,ECE_Lab_Test,2025-10-28T17:52:47.363519Z,Unknown
BeatXP Vega Neo,A6:3E:98:B7:27:54,N/A,ECE_Lab_Test,2025-10-28T17:52:47.364521Z,Unknown
Unknown,0D:40:42:A8:2A:5D,N/A,ECE_Lab_Test,2025-10-28T17:53:02.421833Z,Unknown
Unknown,0D:40:42:A8:2A:5D,N/A,ECE_Lab_Test,2025-10-28T17:53:17.466556Z,Unknown
BeatXP Vega Neo,A6:3E:98:B7:27:54,N/A,ECE_Lab_Test,2025-10-28T17:53:17.468559Z,Unknown
Unknown,0D:40:42:A8:2A:5D,N/A,ECE_Lab_Test,2025-10-28T17:53:32.527840Z,Unknown
BeatXP Vega Neo,A6:3E:98:B7:27:54,N/A,ECE_Lab_Test,2025-10-28T17:53:32.528841Z,Unknown
Unknown,0D:40:42:A8:2A:5D,N/A,ECE_Lab_Test,2025-10-28T17:53:47.580470Z,Unknown
Unknown,0D:40:42:A8:2A:5D,N/A,ECE_Lab_Test,2025-10-28T17:54:02.612392Z,Unknown
BeatXP Vega Neo,A6:3E:98:B7:27:54,N/A,ECE_Lab_Test,2025-10-28T17:54:02.613395Z,Unknown
Unknown,0D:40:42:A8:2A:5D,N/A,ECE_Lab_Test,2025-10-28T17:54:17.662356Z,Unknown
Unknown,0D:40:42:A8:2A:5D,N/A,ECE_Lab_Test,2025-10-28T17:54:32.705719Z,Unknown
Unknown,A6:3E:98:B7:27:54,N/A,ECE_Lab_Test,2025-10-28T17:54:32.705719Z,Unknown
Unknown,0D:40:42:A8:2A:5D,N/A,ECE_Lab_Test,2025-10-28T17:54:47.762797Z,Unknown
Unknown,0D:40:42:A8:2A:5D,N/A,ECE_Lab_Test,2025-10-28T17:55:02.824566Z,Unknown
Unknown,0D:40:42:A8:2A:5D,N/A,ECE_Lab_Test,2025-10-28T17:55:17.870346Z,Unknown
Unknown,0D:40:42:A8:2A:5D,N/A,ECE_Lab_Test,2025-10-28T17:55:32.922593Z,Unknown
Unknown,0D:40:42:A8:2A:5D,N/A,ECE_Lab_Test,2025-10-28T17:55:47.961375Z,Unknown
Unknown,0D:40:42:A8:2A:5D,N/A,ECE_Lab_Test,2025-10-28T17:56:03.009170Z,Unknown
Unknown,0D:40:42:A8:2A:5D,N/A,ECE_Lab_Test,2025-10-28T17:56:18.054156Z,Unknown
Unknown,0D:40:42:A8:2A:5D,N/A,ECE_Lab_Test,2025-10-28T17:56:33.097801Z,Unknown
Unknown,0D:40:42:A8:2A:5D,N/A,ECE_Lab_Test,2025-10-28T17:56:48.145058Z,Unknown
Unknown,A6:3E:98:B7:27:54,N/A,ECE_Lab_Test,2025-10-28T17:56:48.145058Z,Unknown
Unknown,0D:40:42:A8:2A:5D,N/A,ECE_Lab_Test,2025-10-28T17:57:03.197103Z,Unknown
Unknown,0D:40:42:A8:2A:5D,N/A,ECE_Lab_Test,2025-10-28T17:57:18.249597Z,Unknown
Unknown,0D:40:42:A8:2A:5D,N/A,ECE_Lab_Test,2025-10-28T17:57:33.301093Z,Unknown
Unknown,0D:40:42:A8:2A:5D,N/A,ECE_Lab_Test,2025-10-28T17:57:48.349026Z,Unknown
Unknown,0D:40:42:A8:2A:5D,N/A,ECE_Lab_Test,2025-10-28T17:58:03.388446Z,Unknown
Unknown,0D:40:42:A8:2A:5D,N/A,ECE_Lab_Test,2025-10-28T17:58:18.441027Z,Unknown
Unknown,0D:40:42:A8:2A:5D,N/A,ECE_Lab_Test,2025-10-28T17:58:33.497096Z,Unknown
Unknown,0D:40:42:A8:2A:5D,N/A,ECE_Lab_Test,2025-10-28T17:58:48.551209Z,Unknown
Unknown,0D:40:42:A8:2A:5D,N/A,ECE_Lab_Test,2025-10-28T17:59:03.578787Z,Unknown
Unknown,0D:40:42:A8:2A:5D,N/A,ECE_Lab_Test,2025-10-28T17:59:18.610049Z,Unknown
Unknown,0D:40:42:A8:2A:5D,N/A,ECE_Lab_Test,2025-10-28T17:59:33.672910Z,Unknown
Unknown,0D:40:42:A8:2A:5D,N/A,ECE_Lab_Test,2025-10-28T17:59:48.710679Z,Unknown
Unknown,0D:40:42:A8:2A:5D,N/A,ECE_Lab_Test,2025-10-28T18:00:03.767197Z,Unknown
Unknown,0D:40:42:A8:2A:5D,N/A,ECE_Lab_Test,2025-10-28T18:00:18.822600Z,Unknown
Unknown,0D:40:42:A8:2A:5D,N/A,ECE_Lab_Test,2025-10-28T18:00:33.887331Z,Unknown
Unknown,70:4D:9B:95:5B:CA,N/A,ECE_Lab_Test,2025-10-28T18:00:33.891863Z,Unknown
Unknown,0D:40:42:A8:2A:5D,N/A,ECE_Lab_Test,2025-10-28T18:00:48.936678Z,Unknown
Unknown,70:4D:9B:95:5B:CA,N/A,ECE_Lab_Test,2025-10-28T18:00:48.938176Z,Unknown
Unknown,0D:40:42:A8:2A:5D,N/A,ECE_Lab_Test,2025-10-28T18:01:03.999864Z,Unknown
Unknown,70:4D:9B:95:5B:CA,N/A,ECE_Lab_Test,2025-10-28T18:01:04.000371Z,Unknown
Unknown,0D:40:42:A8:2A:5D,N/A,ECE_Lab_Test,2025-10-28T18:01:19.055778Z,Unknown
Unknown,0D:40:42:A8:2A:5D,N/A,ECE_Lab_Test,2025-10-28T18:01:34.116845Z,Unknown
Unknown,70:4D:9B:95:5B:CA,N/A,ECE_Lab_Test,2025-10-28T18:01:34.117787Z,Unknown
Unknown,0D:40:42:A8:2A:5D,N/A,ECE_Lab_Test,2025-10-28T18:01:49.162016Z,Unknown
Unknown,70:4D:9B:95:5B:CA,N/A,ECE_Lab_Test,2025-10-28T18:01:49.163388Z,Unknown
Unknown,0D:40:42:A8:2A:5D,N/A,ECE_Lab_Test,2025-10-28T18:02:04.206549Z,Unknown
Unknown,1B:C6:58:2E:42:F5,N/A,ECE_Lab_Test,2025-10-28T18:02:04.207601Z,Unknown
Unknown,70:4D:9B:95:5B:CA,N/A,ECE_Lab_Test,2025-10-28T18:02:04.219200Z,Unknown
Unknown,1B:C6:58:2E:42:F5,N/A,ECE_Lab_Test,2025-10-28T18:02:19.270261Z,Unknown
Unknown,70:4D:9B:95:5B:CA,N/A,ECE_Lab_Test,2025-10-28T18:02:19.271341Z,Unknown
Unknown,1B:C6:58:2E:42:F5,N/A,ECE_Lab_Test,2025-10-28T18:02:34.323480Z,Unknown
Unknown,70:4D:9B:95:5B:CA,N/A,ECE_Lab_Test,2025-10-28T18:02:34.323480Z,Unknown
Unknown,1B:C6:58:2E:42:F5,N/A,ECE_Lab_Test,2025-10-28T18:02:49.364495Z,Unknown
Unknown,70:4D:9B:95:5B:CA,N/A,ECE_Lab_Test,2025-10-28T18:02:49.365781Z,Unknown
Unknown,1B:C6:58:2E:42:F5,N/A,ECE_Lab_Test,2025-10-28T18:03:04.411875Z,Unknown
Unknown,70:4D:9B:95:5B:CA,N/A,ECE_Lab_Test,2025-10-28T18:03:04.411875Z,Unknown
Unknown,1B:C6:58:2E:42:F5,N/A,ECE_Lab_Test,2025-10-28T18:03:19.460161Z,Unknown
Unknown,70:4D:9B:95:5B:CA,N/A,ECE_Lab_Test,2025-10-28T18:03:19.461195Z,Unknown
Unknown,1B:C6:58:2E:42:F5,N/A,ECE_Lab_Test,2025-10-28T18:03:34.507389Z,Unknown
Unknown,70:4D:9B:95:5B:CA,N/A,ECE_Lab_Test,2025-10-28T18:03:34.508387Z,Unknown
Unknown,1B:C6:58:2E:42:F5,N/A,ECE_Lab_Test,2025-10-28T18:03:49.551745Z,Unknown
Unknown,70:4D:9B:95:5B:CA,N/A,ECE_Lab_Test,2025-10-28T18:03:49.552748Z,Unknown
Unknown,1B:C6:58:2E:42:F5,N/A,ECE_Lab_Test,2025-10-28T18:04:04.785584Z,Unknown
Unknown,70:4D:9B:95:5B:CA,N/A,ECE_Lab_Test,2025-10-28T18:04:04.785584Z,Unknown
Unknown,1B:C6:58:2E:42:F5,N/A,ECE_Lab_Test,2025-10-28T18:04:19.837959Z,Unknown
Unknown,28:0F:BF:3E:E7:F7,N/A,ECE_Lab_Test,2025-10-28T18:04:19.839011Z,Unknown
Unknown,70:4D:9B:95:5B:CA,N/A,ECE_Lab_Test,2025-10-28T18:04:19.839962Z,Unknown
Unknown,1B:C6:58:2E:42:F5,N/A,ECE_Lab_Test,2025-10-28T18:04:34.888676Z,Unknown
Unknown,28:0F:BF:3E:E7:F7,N/A,ECE_Lab_Test,2025-10-28T18:04:34.891118Z,Unknown
BeatXP Vega Neo,A6:3E:98:B7:27:54,N/A,ECE_Lab_Test,2025-10-28T18:04:34.893287Z,Unknown
Unknown,70:4D:9B:95:5B:CA,N/A,ECE_Lab_Test,2025-10-28T18:04:49.944802Z,Unknown
Unknown,1B:C6:58:2E:42:F5,N/A,ECE_Lab_Test,2025-10-28T18:04:49.946310Z,Unknown
Unknown,28:0F:BF:3E:E7:F7,N/A,ECE_Lab_Test,2025-10-28T18:04:49.947316Z,Unknown
Unknown,70:4D:9B:95:5B:CA,N/A,ECE_Lab_Test,2025-10-28T18:05:04.984668Z,Unknown
Unknown,1B:C6:58:2E:42:F5,N/A,ECE_Lab_Test,2025-10-28T18:05:04.986175Z,Unknown
BeatXP Vega Neo,A6:3E:98:B7:27:54,N/A,ECE_Lab_Test,2025-10-28T18:05:04.986175Z,Unknown
Unknown,0D:B8:06:8B:6F:D7,N/A,ECE_Lab_Test,2025-10-28T18:05:04.987424Z,Unknown
Unknown,1B:C6:58:2E:42:F5,N/A,ECE_Lab_Test,2025-10-28T18:05:20.046084Z,Unknown
Unknown,70:4D:9B:95:5B:CA,N/A,ECE_Lab_Test,2025-10-28T18:05:20.047097Z,Unknown
Unknown,0D:B8:06:8B:6F:D7,N/A,ECE_Lab_Test,2025-10-28T18:05:20.048103Z,Unknown
Unknown,1B:C6:58:2E:42:F5,N/A,ECE_Lab_Test,2025-10-28T18:05:35.104294Z,Unknown
Unknown,70:4D:9B:95:5B:CA,N/A,ECE_Lab_Test,2025-10-28T18:05:35.105800Z,Unknown
Unknown,1B:C6:58:2E:42:F5,N/A,ECE_Lab_Test,2025-10-28T18:05:50.153727Z,Unknown
Unknown,1B:C6:58:2E:42:F5,N/A,ECE_Lab_Test,2025-10-28T18:06:05.210211Z,Unknown
Unknown,1B:C6:58:2E:42:F5,N/A,ECE_Lab_Test,2025-10-28T18:06:20.259155Z,Unknown
Unknown,1B:C6:58:2E:42:F5,N/A,ECE_Lab_Test,2025-10-28T18:06:35.341542Z,Unknown
Unknown,1B:C6:58:2E:42:F5,N/A,ECE_Lab_Test,2025-10-28T18:06:50.399885Z,Unknown
Unknown,0D:B8:06:8B:6F:D7,N/A,ECE_Lab_Test,2025-10-28T18:06:50.400884Z,Unknown
Unknown,1B:C6:58:2E:42:F5,N/A,ECE_Lab_Test,2025-10-28T18:07:05.448258Z,Unknown
Unknown,1B:C6:58:2E:42:F5,N/A,ECE_Lab_Test,2025-10-28T18:07:20.496416Z,Unknown
Unknown,1B:C6:58:2E:42:F5,N/A,ECE_Lab_Test,2025-10-28T18:07:35.537824Z,Unknown
Unknown,1B:C6:58:2E:42:F5,N/A,ECE_Lab_Test,2025-10-28T18:07:50.592286Z,Unknown
Unknown,1B:C6:58:2E:42:F5,N/A,ECE_Lab_Test,2025-10-28T18:08:05.638918Z,Unknown
Unknown,1B:C6:58:2E:42:F5,N/A,ECE_Lab_Test,2025-10-28T18:08:20.693484Z,Unknown
Unknown,1B:C6:58:2E:42:F5,N/A,ECE_Lab_Test,2025-10-28T18:08:35.760256Z,Unknown
Unknown,1B:C6:58:2E:42:F5,N/A,ECE_Lab_Test,2025-10-28T18:08:50.912375Z,Unknown
Unknown,1B:C6:58:2E:42:F5,N/A,ECE_Lab_Test,2025-10-28T18:09:05.940998Z,Unknown
BeatXP Vega Neo,A6:3E:98:B7:27:54,N/A,ECE_Lab_Test,2025-10-28T18:09:05.942000Z,Unknown
Unknown,1B:C6:58:2E:42:F5,N/A,ECE_Lab_Test,2025-10-28T18:09:20.995287Z,Unknown
Unknown,1B:C6:58:2E:42:F5,N/A,ECE_Lab_Test,2025-10-28T18:09:36.031270Z,Unknown
Unknown,0D:B8:06:8B:6F:D7,N/A,ECE_Lab_Test,2025-10-28T18:09:36.032274Z,Unknown
Unknown,1B:C6:58:2E:42:F5,N/A,ECE_Lab_Test,2025-10-28T18:09:51.078915Z,Unknown
Unknown,1B:C6:58:2E:42:F5,N/A,ECE_Lab_Test,2025-10-28T18:10:06.137468Z,Unknown
BeatXP Vega Neo,A6:3E:98:B7:27:54,N/A,ECE_Lab_Test,2025-10-28T18:10:06.138470Z,Unknown
Unknown,0D:B8:06:8B:6F:D7,N/A,ECE_Lab_Test,2025-10-28T18:10:06.139470Z,Unknown
Unknown,1B:C6:58:2E:42:F5,N/A,ECE_Lab_Test,2025-10-28T18:10:21.175959Z,Unknown
Unknown,0D:B8:06:8B:6F:D7,N/A,ECE_Lab_Test,2025-10-28T18:10:21.177467Z,Unknown
Unknown,1B:C6:58:2E:42:F5,N/A,ECE_Lab_Test,2025-10-28T18:10:36.231258Z,Unknown
Unknown,1B:C6:58:2E:42:F5,N/A,ECE_Lab_Test,2025-10-28T18:10:51.251817Z,Unknown
Unknown,1B:C6:58:2E:42:F5,N/A,ECE_Lab_Test,2025-10-28T18:11:06.314548Z,Unknown
Unknown,0D:B8:06:8B:6F:D7,N/A,ECE_Lab_Test,2025-10-28T18:11:06.316549Z,Unknown
BeatXP Vega Neo,A6:3E:98:B7:27:54,N/A,ECE_Lab_Test,2025-10-28T18:11:06.320065Z,Unknown
Unknown,1B:C6:58:2E:42:F5,N/A,ECE_Lab_Test,2025-10-28T18:11:21.369759Z,Unknown
Unknown,0D:B8:06:8B:6F:D7,N/A,ECE_Lab_Test,2025-10-28T18:11:21.370770Z,Unknown
Unknown,1B:C6:58:2E:42:F5,N/A,ECE_Lab_Test,2025-10-28T18:11:36.402214Z,Unknown
Unknown,0D:B8:06:8B:6F:D7,N/A,ECE_Lab_Test,2025-10-28T18:11:36.403214Z,Unknown
Unknown,A6:3E:98:B7:27:54,N/A,ECE_Lab_Test,2025-10-28T18:11:36.404212Z,Unknown
Unknown,1B:C6:58:2E:42:F5,N/A,ECE_Lab_Test,2025-10-28T18:11:51.455243Z,Unknown
Unknown,1B:C6:58:2E:42:F5,N/A,ECE_Lab_Test,2025-10-28T18:12:06.489676Z,Unknown
Unknown,1B:C6:58:2E:42:F5,N/A,ECE_Lab_Test,2025-10-28T18:12:21.534392Z,Unknown
Unknown,1B:C6:58:2E:42:F5,N/A,ECE_Lab_Test,2025-10-28T18:12:36.600588Z,Unknown
Unknown,1B:C6:58:2E:42:F5,N/A,ECE_Lab_Test,2025-10-28T18:12:51.656732Z,Unknown
Unknown,0D:B8:06:8B:6F:D7,N/A,ECE_Lab_Test,2025-10-28T18:12:51.658286Z,Unknown
Unknown,1B:C6:58:2E:42:F5,N/A,ECE_Lab_Test,2025-10-28T18:13:06.704822Z,Unknown
Unknown,1B:C6:58:2E:42:F5,N/A,ECE_Lab_Test,2025-10-28T18:13:21.755544Z,Unknown
BeatXP Vega Neo,A6:3E:98:B7:27:54,N/A,ECE_Lab_Test,2025-10-28T18:13:21.756544Z,Unknown
Unknown,0D:B8:06:8B:6F:D7,N/A,ECE_Lab_Test,2025-10-28T18:13:21.762933Z,Unknown
Unknown,1B:C6:58:2E:42:F5,N/A,ECE_Lab_Test,2025-10-28T18:13:36.819031Z,Unknown
Unknown,0D:B8:06:8B:6F:D7,N/A,ECE_Lab_Test,2025-10-28T18:13:36.820069Z,Unknown
BeatXP Vega Neo,A6:3E:98:B7:27:54,N/A,ECE_Lab_Test,2025-10-28T18:13:36.821158Z,Unknown
Unknown,1B:C6:58:2E:42:F5,N/A,ECE_Lab_Test,2025-10-28T18:13:51.872081Z,Unknown
BeatXP Vega Neo,A6:3E:98:B7:27:54,N/A,ECE_Lab_Test,2025-10-28T18:13:51.873107Z,Unknown
Unknown,1B:C6:58:2E:42:F5,N/A,ECE_Lab_Test,2025-10-28T18:14:06.907791Z,Unknown
Unknown,36:B6:BA:E0:5A:10,N/A,ECE_Lab_Test,2025-10-28T18:14:06.929019Z,Unknown
Unknown,1B:C6:58:2E:42:F5,N/A,ECE_Lab_Test,2025-10-28T18:14:21.986266Z,Unknown
Unknown,36:B6:BA:E0:5A:10,N/A,ECE_Lab_Test,2025-10-28T18:14:21.987212Z,Unknown
BeatXP Vega Neo,A6:3E:98:B7:27:54,N/A,ECE_Lab_Test,2025-10-28T18:14:37.038979Z,Unknown
Unknown,1B:C6:58:2E:42:F5,N/A,ECE_Lab_Test,2025-10-28T18:14:37.040003Z,Unknown
Unknown,36:B6:BA:E0:5A:10,N/A,ECE_Lab_Test,2025-10-28T18:14:37.040003Z,Unknown
Unknown,1B:C6:58:2E:42:F5,N/A,ECE_Lab_Test,2025-10-28T18:14:52.083281Z,Unknown
BeatXP Vega Neo,A6:3E:98:B7:27:54,N/A,ECE_Lab_Test,2025-10-28T18:14:52.090489Z,Unknown
Unknown,1B:C6:58:2E:42:F5,N/A,ECE_Lab_Test,2025-10-28T18:15:07.137329Z,Unknown
BeatXP Vega Neo,A6:3E:98:B7:27:54,N/A,ECE_Lab_Test,2025-10-28T18:15:07.137329Z,Unknown
Unknown,36:B6:BA:E0:5A:10,N/A,ECE_Lab_Test,2025-10-28T18:15:07.141149Z,Unknown
BeatXP Vega Neo,A6:3E:98:B7:27:54,N/A,ECE_Lab_Test,2025-10-28T18:15:22.185278Z,Unknown
Unknown,1B:C6:58:2E:42:F5,N/A,ECE_Lab_Test,2025-10-28T18:15:22.186288Z,Unknown
Unknown,36:B6:BA:E0:5A:10,N/A,ECE_Lab_Test,2025-10-28T18:15:22.187282Z,Unknown
Unknown,1B:C6:58:2E:42:F5,N/A,ECE_Lab_Test,2025-10-28T18:15:37.231713Z,Unknown
Unknown,1B:C6:58:2E:42:F5,N/A,ECE_Lab_Test,2025-10-28T18:15:52.275098Z,Unknown
Unknown,1B:C6:58:2E:42:F5,N/A,ECE_Lab_Test,2025-10-28T18:16:07.327171Z,Unknown
Unknown,1B:C6:58:2E:42:F5,N/A,ECE_Lab_Test,2025-10-28T18:16:22.369259Z,Unknown
Unknown,1B:C6:58:2E:42:F5,N/A,ECE_Lab_Test,2025-10-28T18:16:37.435173Z,Unknown
Unknown,1B:C6:58:2E:42:F5,N/A,ECE_Lab_Test,2025-10-28T18:16:52.481800Z,Unknown
Unknown,34:FF:A5:36:4F:20,N/A,ECE_Lab_Test,2025-10-28T18:17:07.519248Z,Unknown
Unknown,0D:73:CD:B9:38:85,N/A,ECE_Lab_Test,2025-10-28T18:17:07.520250Z,Unknown
BeatXP Vega Neo,A6:3E:98:B7:27:54,N/A,ECE_Lab_Test,2025-10-28T18:17:07.520250Z,Unknown
Unknown,34:FF:A5:36:4F:20,N/A,ECE_Lab_Test,2025-10-28T18:17:22.565607Z,Unknown
Unknown,0D:73:CD:B9:38:85,N/A,ECE_Lab_Test,2025-10-28T18:17:37.620680Z,Unknown
Unknown,34:FF:A5:36:4F:20,N/A,ECE_Lab_Test,2025-10-28T18:17:37.622191Z,Unknown
Unknown,0D:73:CD:B9:38:85,N/A,ECE_Lab_Test,2025-10-28T18:17:52.699875Z,Unknown
Unknown,34:FF:A5:36:4F:20,N/A,ECE_Lab_Test,2025-10-28T18:17:52.700880Z,Unknown
Unknown,34:FF:A5:36:4F:20,N/A,ECE_Lab_Test,2025-10-28T18:18:07.769946Z,Unknown
BeatXP Vega Neo,A6:3E:98:B7:27:54,N/A,ECE_Lab_Test,2025-10-28T18:18:07.770945Z,Unknown
Unknown,34:FF:A5:36:4F:20,N/A,ECE_Lab_Test,2025-10-28T18:18:22.816312Z,Unknown
Unknown,0D:73:CD:B9:38:85,N/A,ECE_Lab_Test,2025-10-28T18:18:22.817585Z,Unknown
Unknown,34:FF:A5:36:4F:20,N/A,ECE_Lab_Test,2025-10-28T18:18:37.853154Z,Unknown
BeatXP Vega Neo,A6:3E:98:B7:27:54,N/A,ECE_Lab_Test,2025-10-28T18:18:37.854323Z,Unknown
Unknown,0D:73:CD:B9:38:85,N/A,ECE_Lab_Test,2025-10-28T18:18:37.856322Z,Unknown
Unknown,34:FF:A5:36:4F:20,N/A,ECE_Lab_Test,2025-10-28T18:18:52.909984Z,Unknown
BeatXP Vega Neo,A6:3E:98:B7:27:54,N/A,ECE_Lab_Test,2025-10-28T18:19:07.954035Z,Unknown
Unknown,34:FF:A5:36:4F:20,N/A,ECE_Lab_Test,2025-10-28T18:19:07.955519Z,Unknown
Unknown,0D:73:CD:B9:38:85,N/A,ECE_Lab_Test,2025-10-28T18:19:07.955519Z,Unknown
Unknown,34:FF:A5:36:4F:20,N/A,ECE_Lab_Test,2025-10-28T18:19:23.010430Z,Unknown
Unknown,34:FF:A5:36:4F:20,N/A,ECE_Lab_Test,2025-10-28T18:19:38.043488Z,Unknown
Unknown,34:FF:A5:36:4F:20,N/A,ECE_Lab_Test,2025-10-28T18:19:53.083807Z,Unknown
Unknown,34:FF:A5:36:4F:20,N/A,ECE_Lab_Test,2025-10-28T18:20:08.140165Z,Unknown
Unknown,34:FF:A5:36:4F:20,N/A,ECE_Lab_Test,2025-10-28T18:20:23.198047Z,Unknown
Unknown,34:FF:A5:36:4F:20,N/A,ECE_Lab_Test,2025-10-28T18:20:38.241650Z,Unknown
Unknown,0D:73:CD:B9:38:85,N/A,ECE_Lab_Test,2025-10-28T18:20:38.241650Z,Unknown
Unknown,34:FF:A5:36:4F:20,N/A,ECE_Lab_Test,2025-10-28T18:20:53.309363Z,Unknown
Unknown,34:FF:A5:36:4F:20,N/A,ECE_Lab_Test,2025-10-28T18:21:08.357139Z,Unknown
Unknown,0D:73:CD:B9:38:85,N/A,ECE_Lab_Test,2025-10-28T18:21:08.358624Z,Unknown
Unknown,34:FF:A5:36:4F:20,N/A,ECE_Lab_Test,2025-10-28T18:21:23.391913Z,Unknown
Unknown,0D:73:CD:B9:38:85,N/A,ECE_Lab_Test,2025-10-28T18:21:23.392903Z,Unknown
Unknown,34:FF:A5:36:4F:20,N/A,ECE_Lab_Test,2025-10-28T18:21:38.451556Z,Unknown
Unknown,0D:73:CD:B9:38:85,N/A,ECE_Lab_Test,2025-10-28T18:21:38.460047Z,Unknown
BeatXP Vega Neo,A6:3E:98:B7:27:54,N/A,ECE_Lab_Test,2025-10-28T18:21:38.461054Z,Unknown
Unknown,0D:73:CD:B9:38:85,N/A,ECE_Lab_Test,2025-10-28T18:21:53.505653Z,Unknown
Unknown,34:FF:A5:36:4F:20,N/A,ECE_Lab_Test,2025-10-28T18:21:53.506871Z,Unknown
BeatXP Vega Neo,A6:3E:98:B7:27:54,N/A,ECE_Lab_Test,2025-10-28T18:21:53.507865Z,Unknown
Unknown,34:FF:A5:36:4F:20,N/A,ECE_Lab_Test,2025-10-28T18:22:08.546317Z,Unknown
BeatXP Vega Neo,A6:3E:98:B7:27:54,N/A,ECE_Lab_Test,2025-10-28T18:22:08.547316Z,Unknown
Unknown,34:FF:A5:36:4F:20,N/A,ECE_Lab_Test,2025-10-28T18:22:23.602942Z,Unknown
BeatXP Vega Neo,A6:3E:98:B7:27:54,N/A,ECE_Lab_Test,2025-10-28T18:22:23.602942Z,Unknown
Unknown,34:FF:A5:36:4F:20,N/A,ECE_Lab_Test,2025-10-28T18:22:38.672832Z,Unknown
BeatXP Vega Neo,A6:3E:98:B7:27:54,N/A,ECE_Lab_Test,2025-10-28T18:22:38.673391Z,Unknown
Unknown,34:FF:A5:36:4F:20,N/A,ECE_Lab_Test,2025-10-28T18:22:53.728041Z,Unknown
Unknown,34:FF:A5:36:4F:20,N/A,ECE_Lab_Test,2025-10-28T18:23:08.767606Z,Unknown
Unknown,34:FF:A5:36:4F:20,N/A,ECE_Lab_Test,2025-10-28T18:23:23.816628Z,Unknown
Unknown,34:FF:A5:36:4F:20,N/A,ECE_Lab_Test,2025-10-28T18:23:38.862790Z,Unknown
Unknown,34:FF:A5:36:4F:20,N/A,ECE_Lab_Test,2025-10-28T18:23:53.921026Z,Unknown
Unknown,34:FF:A5:36:4F:20,N/A,ECE_Lab_Test,2025-10-28T18:24:08.980100Z,Unknown
Unknown,34:FF:A5:36:4F:20,N/A,ECE_Lab_Test,2025-10-28T18:24:24.035193Z,Unknown
Unknown,34:FF:A5:36:4F:20,N/A,ECE_Lab_Test,2025-10-28T18:24:39.081826Z,Unknown
Unknown,34:FF:A5:36:4F:20,N/A,ECE_Lab_Test,2025-10-28T18:24:54.134096Z,Unknown
Unknown,34:FF:A5:36:4F:20,N/A,ECE_Lab_Test,2025-10-28T18:25:09.185751Z,Unknown
Unknown,34:FF:A5:36:4F:20,N/A,ECE_Lab_Test,2025-10-28T18:25:24.248081Z,Unknown
Unknown,34:FF:A5:36:4F:20,N/A,ECE_Lab_Test,2025-10-28T18:25:39.282276Z,Unknown
Unknown,34:FF:A5:36:4F:20,N/A,ECE_Lab_Test,2025-10-28T18:25:54.332497Z,Unknown
Unknown,34:FF:A5:36:4F:20,N/A,ECE_Lab_Test,2025-10-28T18:26:09.389457Z,Unknown
Unknown,34:FF:A5:36:4F:20,N/A,ECE_Lab_Test,2025-10-28T18:26:24.438089Z,Unknown
Unknown,34:FF:A5:36:4F:20,N/A,ECE_Lab_Test,2025-10-28T18:26:39.494938Z,Unknown
Unknown,34:FF:A5:36:4F:20,N/A,ECE_Lab_Test,2025-10-28T18:26:54.551085Z,Unknown
BeatXP Vega Neo,A6:3E:98:B7:27:54,N/A,ECE_Lab_Test,2025-10-28T18:26:54.553592Z,Unknown
Unknown,34:FF:A5:36:4F:20,N/A,ECE_Lab_Test,2025-10-28T18:27:09.604154Z,Unknown
Unknown,34:FF:A5:36:4F:20,N/A,ECE_Lab_Test,2025-10-28T18:27:24.659871Z,Unknown
Unknown,34:FF:A5:36:4F:20,N/A,ECE_Lab_Test,2025-10-28T18:27:39.733512Z,Unknown
Unknown,34:FF:A5:36:4F:20,N/A,ECE_Lab_Test,2025-10-28T18:27:54.776891Z,Unknown
Unknown,34:FF:A5:36:4F:20,N/A,ECE_Lab_Test,2025-10-28T18:28:09.822515Z,Unknown
Unknown,34:FF:A5:36:4F:20,N/A,ECE_Lab_Test,2025-10-28T18:28:24.867067Z,Unknown
Unknown,34:FF:A5:36:4F:20,N/A,ECE_Lab_Test,2025-10-28T18:28:39.924932Z,Unknown
Unknown,34:FF:A5:36:4F:20,N/A,ECE_Lab_Test,2025-10-28T18:28:54.979241Z,Unknown
Unknown,34:FF:A5:36:4F:20,N/A,ECE_Lab_Test,2025-10-28T18:29:10.016202Z,Unknown
Unknown,34:FF:A5:36:4F:20,N/A,ECE_Lab_Test,2025-10-28T18:29:25.092659Z,Unknown
Unknown,34:FF:A5:36:4F:20,N/A,ECE_Lab_Test,2025-10-28T18:29:40.133727Z,Unknown
Unknown,34:FF:A5:36:4F:20,N/A,ECE_Lab_Test,2025-10-28T18:29:55.192910Z,Unknown
Unknown,34:FF:A5:36:4F:20,N/A,ECE_Lab_Test,2025-10-28T18:30:10.251626Z,Unknown
Unknown,34:FF:A5:36:4F:20,N/A,ECE_Lab_Test,2025-10-28T18:30:25.303335Z,Unknown
Unknown,34:FF:A5:36:4F:20,N/A,ECE_Lab_Test,2025-10-28T18:30:40.347959Z,Unknown
BeatXP Vega Neo,A6:3E:98:B7:27:54,N/A,ECE_Lab_Test,2025-10-28T18:30:40.348964Z,Unknown
BeatXP Vega Neo,A6:3E:98:B7:27:54,N/A,ECE_Lab_Test,2025-10-28T18:31:40.585160Z,Unknown
BeatXP Vega Neo,A6:3E:98:B7:27:54,N/A,ECE_Lab_Test,2025-10-28T18:31:55.627450Z,Unknown
Unknown,48:82:D2:28:50:D5,N/A,ECE_Lab_Test,2025-10-28T18:32:25.721637Z,Unknown
Unknown,48:82:D2:28:50:D5,N/A,ECE_Lab_Test,2025-10-28T18:32:40.772138Z,Unknown
Unknown,A6:3E:98:B7:27:54,N/A,ECE_Lab_Test,2025-10-28T18:32:40.774177Z,Unknown
BeatXP Vega Neo,A6:3E:98:B7:27:54,N/A,ECE_Lab_Test,2025-10-28T18:32:55.820742Z,Unknown
BeatXP Vega Neo,A6:3E:98:B7:27:54,N/A,ECE_Lab_Test,2025-10-28T18:33:10.859739Z,Unknown
BeatXP Vega Neo,A6:3E:98:B7:27:54,N/A,ECE_Lab_Test,2025-10-28T18:35:11.262053Z,Unknown
BeatXP Vega Neo,A6:3E:98:B7:27:54,N/A,ECE_Lab_Test,2025-10-28T18:35:26.303624Z,Unknown
Unknown,A6:3E:98:B7:27:54,N/A,ECE_Lab_Test,2025-10-28T18:35:41.337138Z,Unknown
BeatXP Vega Neo,A6:3E:98:B7:27:54,N/A,ECE_Lab_Test,2025-10-28T18:35:56.366154Z,Unknown
Unknown,18:B8:01:BD:53:9F,N/A,ECE_Lab_Test,2025-10-28T18:36:58.435688Z,Unknown
Unknown,18:B8:01:BD:53:9F,N/A,ECE_Lab_Test,2025-10-28T18:37:13.603768Z,Unknown
Unknown,18:B8:01:BD:53:9F,N/A,ECE_Lab_Test,2025-10-28T18:37:28.893976Z,Unknown
Unknown,18:B8:01:BD:53:9F,N/A,ECE_Lab_Test,2025-10-28T18:37:43.948639Z,Unknown
Unknown,18:B8:01:BD:53:9F,N/A,ECE_Lab_Test,2025-10-28T18:37:59.007977Z,Unknown
BeatXP Vega Neo,A6:3E:98:B7:27:54,N/A,ECE_Lab_Test,2025-10-28T18:38:14.049154Z,Unknown
BeatXP Vega Neo,A6:3E:98:B7:27:54,N/A,ECE_Lab_Test,2025-10-28T18:38:29.100525Z,Unknown
Unknown,A6:3E:98:B7:27:54,N/A,ECE_Lab_Test,2025-10-28T18:39:59.396961Z,Unknown
BeatXP Vega Neo,A6:3E:98:B7:27:54,N/A,ECE_Lab_Test,2025-10-28T18:41:29.766574Z,Unknown
Unknown,A6:3E:98:B7:27:54,N/A,ECE_Lab_Test,2025-10-28T18:41:59.859046Z,Unknown
BeatXP Vega Neo,A6:3E:98:B7:27:54,N/A,ECE_Lab_Test,2025-10-28T18:42:14.913110Z,Unknown
BeatXP Vega Neo,A6:3E:98:B7:27:54,N/A,ECE_Lab_Test,2025-10-28T18:42:29.954854Z,Unknown
